instance,period,period_number,new_coils_used_count,new_coils_weight,new_strip_produced_weight,new_strip_retail_weight,new_strip_scrap_weight,new_strip_loss_weight,new_lateral_leftover_weight,new_edge_trim_weight,new_rolled_leftover_weight,new_partially_used_count,processed_coils_total_count,processed_coils_used_count,processed_coils_weight,processed_strip_produced_weight,processed_scrap_weight,total_strip_produced_weight,retails_generated_count,retails_generated_weight,retails_generated_avg_weight
bf_qcv_045,period_1,1,40,311386.71,304651.67,0.0,99.13,137.37,3309.98,3188.59,0.0,0,0,0,0.0,0.0,0.0,304651.67,0,0.0,0.0
bf_qcv_045,period_2,2,35,279709.63,273770.51,7.72,14.11,121.75,2961.57,2834.05,0.0,0,0,0,0.0,0.0,0.0,273770.51,1,7.72,7.72
bf_qcv_045,period_3,3,44,347799.82,340426.06,12.26,15.33,150.76,3616.08,3579.39,0.0,0,1,1,7.72,6.18,1.54,340432.24,1,12.26,12.26
bf_qcv_045,period_4,4,30,236003.99,230655.87,0.0,17.14,103.03,2811.86,2416.11,0.0,0,1,1,12.26,8.08,4.18,230663.95,0,0.0,0.0
bf_qcv_045,period_5,5,48,376087.77,368364.62,8.27,15.41,166.83,3700.7,3831.96,0.0,0,0,0,0.0,0.0,0.0,368364.62,2,8.27,4.13
bf_sae1006_045,period_1,1,47,395750.9,382001.42,1677.39,49.78,165.08,7958.46,3898.73,0.0,0,0,0,0.0,0.0,0.0,382001.42,2,1677.39,838.7
bf_sae1006_045,period_2,2,48,394602.88,382927.47,131.77,17.03,160.93,7370.04,3995.51,0.0,0,2,2,1677.39,1389.22,288.17,384316.69,5,131.77,26.35
bf_sae1006_045,period_3,3,52,441662.89,427603.13,760.07,32.12,180.87,8798.05,4288.61,0.0,0,5,3,131.77,124.93,6.84,427728.06,2,760.07,380.04
bf_sae1006_045,period_4,4,35,299529.87,289566.78,1375.48,3.27,124.23,5674.79,2785.35,0.0,0,2,2,760.07,753.63,6.44,290320.41,5,1375.48,275.1
bf_sae1006_045,period_5,5,57,487611.5,471091.49,165.2,87.69,196.71,11306.27,4764.17,0.0,0,5,5,1375.48,1358.21,17.27,472449.7,1,165.2,165.2
bf_sae1006_050,period_1,1,4,34397.98,27000.0,3526.29,0.0,16.82,3568.2,286.64,0.0,0,0,0,0.0,0.0,0.0,27000.0,4,6906.41,1726.6
bf_sae1006_050,period_2,2,3,25477.17,20071.66,3311.1,16.92,13.06,1852.13,212.3,0.0,0,4,4,6906.41,5805.41,1101.0,25877.07,3,4976.77,1658.92
bf_sae1006_050,period_3,3,3,26714.96,24547.64,1630.26,0.0,13.89,300.54,222.62,0.0,0,3,3,4976.77,4872.4,104.37,29420.04,2,1630.26,815.13
bf_sae1006_050,period_4,4,3,25477.17,23133.91,220.18,0.0,13.03,1897.73,212.3,0.0,0,2,2,1630.26,440.08,1190.18,23573.99,3,2029.98,676.66
bf_sae1006_050,period_5,5,5,43451.55,35514.57,3043.77,50.76,21.04,4459.3,362.09,0.0,0,3,3,2029.98,1496.37,533.61,37010.94,3,7162.66,2387.55
bz_nbr7008_043,period_1,1,17,149931.33,141553.73,1752.53,27.91,56.44,5074.55,1466.13,0.0,0,0,0,0.0,0.0,0.0,141553.73,8,1752.53,219.07
bz_nbr7008_043,period_2,2,17,138026.52,130056.57,760.35,50.26,56.07,5758.22,1345.03,0.0,0,8,8,1752.53,1670.94,81.59,131727.51,3,760.35,253.45
bz_nbr7008_043,period_3,3,19,153609.33,143809.83,1187.83,64.33,62.3,6976.71,1508.33,0.0,0,3,3,760.35,708.64,51.71,144518.47,6,2185.19,364.2
bz_nbr7008_043,period_4,4,16,120204.44,112816.36,254.85,59.87,54.29,5890.28,1128.75,0.0,0,6,6,2185.19,1293.48,891.71,114109.84,2,254.85,127.43
bz_nbr7008_043,period_5,5,22,190465.32,180336.96,544.19,16.0,71.71,7617.0,1879.41,0.0,0,2,2,254.85,252.17,2.68,180589.13,5,544.19,108.84
bz_nbr7008_075,period_1,1,6,40203.19,35966.96,1895.89,34.47,33.33,1870.49,402.04,0.0,0,0,0,0.0,0.0,0.0,35966.96,6,3328.16,554.69
bz_nbr7008_075,period_2,2,5,33382.51,28620.59,1927.38,21.24,28.74,456.78,313.68,2014.08,1,6,6,3328.16,2479.01,849.15,31099.6,6,3941.46,656.91
bz_nbr7008_075,period_3,3,5,34948.62,33005.21,1054.83,0.0,28.78,510.31,349.49,0.0,0,6,6,3941.46,3335.16,606.3,36340.37,4,1054.84,263.71
bz_nbr7008_075,period_4,4,5,33630.39,28449.43,3157.81,0.0,27.84,1659.01,336.31,0.0,0,4,4,1054.84,797.0,257.84,29246.43,6,4797.6,799.6
bz_nbr7008_075,period_5,5,6,42554.62,39473.1,1306.85,16.66,33.94,1298.51,425.55,0.0,0,6,5,4797.6,2172.77,2624.83,41645.87,6,2361.43,393.57
bz_nbr7008_095,period_1,1,6,56463.16,54118.12,725.44,20.71,43.56,990.68,564.64,0.0,0,0,0,0.0,0.0,0.0,54118.12,4,725.44,181.36
bz_nbr7008_095,period_2,2,6,56058.86,51052.35,1795.81,62.75,43.56,1063.44,545.64,1495.3,1,4,4,725.44,692.6,32.84,51744.95,4,3291.11,822.78
bz_nbr7008_095,period_3,3,7,66163.44,62870.94,1757.62,36.26,51.14,785.82,661.64,0.0,0,4,4,3291.11,2907.68,383.43,65778.62,2,1757.62,878.81
bz_nbr7008_095,period_4,4,5,47184.27,45570.82,347.04,116.28,36.46,641.81,471.85,0.0,0,2,2,1757.62,1641.18,116.44,47212.0,2,347.04,173.52
bz_nbr7008_095,period_5,5,6,62196.57,60158.19,298.23,14.0,43.56,1060.6,621.96,0.0,0,2,2,347.04,342.08,4.96,60500.27,1,298.23,298.23
