instance,period,period_number,coil_id,processed,used,coil_width,coil_weight,coil_ton_value,used_length,strip_count,strip_produced_weight,strip_leftover_weight,strip_retail_weight,strip_scrap_weight,strip_loss_weight,lateral_leftover_weight,lateral_leftover_retail_weight,lateral_leftover_scrap_weight,edge_trim_weight,rolled_leftover_weight,rolled_leftover_width,rolled_leftover_length,processed_scrap_weight
bf_qcv_045,period_1,1,103,0,1,1000.0,7566.48,5288.27,2136.52,2,7462.51,9.68,9.68,0.0,3.5,15.13,0.0,15.13,75.66,0.0,1000.0,0.0,0.0
bf_qcv_045,period_1,1,107,0,1,1000.0,9312.83,5288.27,2629.63,2,8694.88,0.0,0.0,0.0,3.31,521.52,0.0,521.52,93.13,0.0,1000.0,0.0,0.0
bf_qcv_045,period_1,1,11,0,1,1200.0,6642.23,4819.73,1562.95,2,6549.47,0.0,0.0,0.0,4.19,33.21,0.0,33.21,55.35,0.0,1200.0,0.0,0.0
bf_qcv_045,period_1,1,114,0,1,1000.0,9764.95,5288.27,2757.29,2,9380.71,0.0,0.0,0.0,3.4,283.18,0.0,283.18,97.65,0.0,1000.0,0.0,0.0
bf_qcv_045,period_1,1,120,0,1,1000.0,8424.14,5288.27,2378.69,2,8092.2,0.0,0.0,0.0,3.4,244.3,0.0,244.3,84.24,0.0,1000.0,0.0,0.0
bf_qcv_045,period_1,1,121,0,1,1000.0,8454.77,5288.27,2387.34,2,8121.63,0.0,0.0,0.0,3.4,245.19,0.0,245.19,84.55,0.0,1000.0,0.0,0.0
bf_qcv_045,period_1,1,156,0,1,1000.0,7275.31,5288.27,2054.3,2,6988.17,0.0,0.0,0.0,3.4,210.98,0.0,210.98,72.75,0.0,1000.0,0.0,0.0
bf_qcv_045,period_1,1,157,0,1,1000.0,9296.83,5288.27,2625.11,2,8679.93,0.0,0.0,0.0,3.31,520.62,0.0,520.62,92.97,0.0,1000.0,0.0,0.0
bf_qcv_045,period_1,1,162,0,1,1000.0,8451.68,5288.27,2386.47,2,8346.76,0.0,0.0,0.0,3.5,16.9,0.0,16.9,84.52,0.0,1000.0,0.0,0.0
bf_qcv_045,period_1,1,167,0,1,1000.0,8479.08,5288.27,2394.21,2,8373.83,0.0,0.0,0.0,3.5,16.96,0.0,16.96,84.79,0.0,1000.0,0.0,0.0
bf_qcv_045,period_1,1,168,0,1,880.0,8196.89,5302.87,2630.14,2,8063.42,0.0,0.0,0.0,3.07,37.26,0.0,37.26,93.15,0.0,880.0,0.0,0.0
bf_qcv_045,period_1,1,174,0,1,880.0,7125.05,5302.87,2286.22,2,7008.63,0.0,0.0,0.0,3.07,32.39,0.0,32.39,80.97,0.0,880.0,0.0,0.0
bf_qcv_045,period_1,1,175,0,1,880.0,7080.64,5302.87,2271.97,2,6964.93,0.0,0.0,0.0,3.07,32.18,0.0,32.18,80.46,0.0,880.0,0.0,0.0
bf_qcv_045,period_1,1,180,0,1,880.0,8764.2,5302.87,2812.18,2,8651.05,0.52,0.0,0.52,3.08,9.96,0.0,9.96,99.59,0.0,880.0,0.0,0.0
bf_qcv_045,period_1,1,189,0,1,880.0,6306.56,5302.87,2023.59,2,6224.65,0.0,0.0,0.0,3.08,7.17,0.0,7.17,71.67,0.0,880.0,0.0,0.0
bf_qcv_045,period_1,1,196,0,1,880.0,7155.48,5302.87,2295.98,2,7062.96,0.0,0.0,0.0,3.08,8.13,0.0,8.13,81.31,0.0,880.0,0.0,0.0
bf_qcv_045,period_1,1,198,0,1,880.0,6995.92,5302.87,2244.79,2,6881.55,0.0,0.0,0.0,3.07,31.8,0.0,31.8,79.5,0.0,880.0,0.0,0.0
bf_qcv_045,period_1,1,199,0,1,880.0,6930.11,5302.87,2223.67,2,6840.41,0.0,0.0,0.0,3.08,7.88,0.0,7.88,78.75,0.0,880.0,0.0,0.0
bf_qcv_045,period_1,1,201,0,1,880.0,7136.52,5302.87,2289.9,2,7044.24,0.0,0.0,0.0,3.08,8.11,0.0,8.11,81.1,0.0,880.0,0.0,0.0
bf_qcv_045,period_1,1,202,0,1,880.0,7276.38,5302.87,2334.78,2,7182.35,0.0,0.0,0.0,3.08,8.27,0.0,8.27,82.69,0.0,880.0,0.0,0.0
bf_qcv_045,period_1,1,203,0,1,880.0,7636.22,5302.87,2450.24,2,7511.67,0.0,0.0,0.0,3.07,34.71,0.0,34.71,86.78,0.0,880.0,0.0,0.0
bf_qcv_045,period_1,1,210,0,1,880.0,7283.34,5302.87,2337.01,2,7189.22,0.0,0.0,0.0,3.08,8.28,0.0,8.28,82.77,0.0,880.0,0.0,0.0
bf_qcv_045,period_1,1,220,0,1,880.0,8484.8,5302.87,2722.52,2,8374.3,1.36,0.0,1.36,3.08,9.64,0.0,9.64,96.42,0.0,880.0,0.0,0.0
bf_qcv_045,period_1,1,227,0,1,880.0,6147.43,5302.87,1972.53,2,6046.56,0.0,0.0,0.0,3.07,27.94,0.0,27.94,69.86,0.0,880.0,0.0,0.0
bf_qcv_045,period_1,1,229,0,1,880.0,7358.24,5302.87,2361.04,2,7263.18,0.0,0.0,0.0,3.08,8.36,0.0,8.36,83.62,0.0,880.0,0.0,0.0
bf_qcv_045,period_1,1,234,0,1,880.0,8367.18,5302.87,2684.78,2,8259.51,0.0,0.0,0.0,3.08,9.51,0.0,9.51,95.08,0.0,880.0,0.0,0.0
bf_qcv_045,period_1,1,235,0,1,880.0,7326.77,5302.87,2350.94,2,7207.13,0.0,0.0,0.0,3.07,33.3,0.0,33.3,83.26,0.0,880.0,0.0,0.0
bf_qcv_045,period_1,1,242,0,1,880.0,7237.94,5302.87,2322.44,2,7144.39,0.0,0.0,0.0,3.08,8.22,0.0,8.22,82.25,0.0,880.0,0.0,0.0
bf_qcv_045,period_1,1,252,0,1,880.0,8352.17,5302.87,2679.97,2,8244.69,0.0,0.0,0.0,3.08,9.49,0.0,9.49,94.91,0.0,880.0,0.0,0.0
bf_qcv_045,period_1,1,253,0,1,880.0,7601.37,5302.87,2439.06,2,7477.37,0.0,0.0,0.0,3.07,34.55,0.0,34.55,86.38,0.0,880.0,0.0,0.0
bf_qcv_045,period_1,1,32,0,1,1200.0,8255.11,4819.73,1942.47,2,8140.85,0.0,0.0,0.0,4.19,41.28,0.0,41.28,68.79,0.0,1200.0,0.0,0.0
bf_qcv_045,period_1,1,4,0,1,1200.0,8025.79,4819.73,1888.51,2,7914.59,0.0,0.0,0.0,4.19,40.13,0.0,40.13,66.88,0.0,1200.0,0.0,0.0
bf_qcv_045,period_1,1,52,0,1,1200.0,6696.79,4819.73,1575.79,2,6603.31,0.0,0.0,0.0,4.19,33.48,0.0,33.48,55.81,0.0,1200.0,0.0,0.0
bf_qcv_045,period_1,1,60,0,1,1200.0,7644.47,4819.73,1798.78,2,7538.35,0.0,0.0,0.0,4.19,38.22,0.0,38.22,63.7,0.0,1200.0,0.0,0.0
bf_qcv_045,period_1,1,66,0,1,1200.0,7909.62,4819.73,1861.17,2,7799.97,0.0,0.0,0.0,4.19,39.55,0.0,39.55,65.91,0.0,1200.0,0.0,0.0
bf_qcv_045,period_1,1,68,0,1,1200.0,7663.96,4819.73,1803.37,2,7557.58,0.0,0.0,0.0,4.19,38.32,0.0,38.32,63.87,0.0,1200.0,0.0,0.0
bf_qcv_045,period_1,1,7,0,1,1200.0,8064.92,4819.73,1897.72,2,7953.19,0.0,0.0,0.0,4.19,40.32,0.0,40.32,67.21,0.0,1200.0,0.0,0.0
bf_qcv_045,period_1,1,74,0,1,1200.0,8054.77,4819.73,1895.33,2,7943.18,0.0,0.0,0.0,4.19,40.27,0.0,40.27,67.12,0.0,1200.0,0.0,0.0
bf_qcv_045,period_1,1,83,0,1,1200.0,7994.35,4819.73,1881.11,2,7844.95,38.62,38.38,0.24,4.19,39.97,0.0,39.97,66.62,0.0,1200.0,0.0,0.0
bf_qcv_045,period_1,1,92,0,1,1000.0,8593.93,5288.27,2426.64,2,8023.42,0.0,0.0,0.0,3.31,481.26,0.0,481.26,85.94,0.0,1000.0,0.0,0.0
bf_qcv_045,period_2,2,107,0,1,1000.0,9312.83,5288.27,2629.63,2,8946.23,0.0,0.0,0.0,3.4,270.07,0.0,270.07,93.13,0.0,1000.0,0.0,0.0
bf_qcv_045,period_2,2,108,0,1,1000.0,7971.78,5288.27,2250.96,2,7442.33,0.0,0.0,0.0,3.31,446.42,0.0,446.42,79.72,0.0,1000.0,0.0,0.0
bf_qcv_045,period_2,2,114,0,1,1000.0,9764.95,5288.27,2757.29,2,9117.16,0.0,0.0,0.0,3.31,546.84,0.0,546.84,97.65,0.0,1000.0,0.0,0.0
bf_qcv_045,period_2,2,123,0,1,1000.0,8934.09,5288.27,2522.69,2,8582.26,0.0,0.0,0.0,3.4,259.09,0.0,259.09,89.34,0.0,1000.0,0.0,0.0
bf_qcv_045,period_2,2,125,0,1,1000.0,8294.8,5288.27,2342.17,2,8180.49,11.27,11.27,0.0,3.5,16.59,0.0,16.59,82.95,0.0,1000.0,0.0,0.0
bf_qcv_045,period_2,2,132,0,1,1000.0,7888.72,5288.27,2227.5,2,7364.74,0.0,0.0,0.0,3.31,441.77,0.0,441.77,78.89,0.0,1000.0,0.0,0.0
bf_qcv_045,period_2,2,136,0,1,1000.0,9049.37,5288.27,2555.24,2,8937.28,0.0,0.0,0.0,3.5,18.1,0.0,18.1,90.49,0.0,1000.0,0.0,0.0
bf_qcv_045,period_2,2,142,0,1,1000.0,8859.15,5288.27,2501.52,2,8510.24,0.0,0.0,0.0,3.4,256.92,0.0,256.92,88.59,0.0,1000.0,0.0,0.0
bf_qcv_045,period_2,2,157,0,1,1000.0,9296.83,5288.27,2625.11,2,9181.77,0.0,0.0,0.0,3.5,18.59,0.0,18.59,92.97,0.0,1000.0,0.0,0.0
bf_qcv_045,period_2,2,168,0,1,880.0,8196.89,5302.87,2630.14,2,8063.42,0.0,0.0,0.0,3.07,37.26,0.0,37.26,93.15,0.0,880.0,0.0,0.0
bf_qcv_045,period_2,2,177,0,1,880.0,6898.96,5302.87,2213.67,2,6809.55,0.1,0.0,0.1,3.08,7.84,0.0,7.84,78.4,0.0,880.0,0.0,0.0
bf_qcv_045,period_2,2,178,0,1,880.0,7891.48,5302.87,2532.14,2,7789.76,0.0,0.0,0.0,3.08,8.97,0.0,8.97,89.68,0.0,880.0,0.0,0.0
bf_qcv_045,period_2,2,180,0,1,880.0,8764.2,5302.87,2812.18,2,8621.7,0.0,0.0,0.0,3.07,39.84,0.0,39.84,99.59,0.0,880.0,0.0,0.0
bf_qcv_045,period_2,2,187,0,1,880.0,7216.06,5302.87,2315.42,2,7098.19,0.0,0.0,0.0,3.07,32.8,0.0,32.8,82.0,0.0,880.0,0.0,0.0
bf_qcv_045,period_2,2,193,0,1,880.0,7037.51,5302.87,2258.13,2,6914.8,7.68,7.68,0.0,3.07,31.99,0.0,31.99,79.97,0.0,880.0,0.0,0.0
bf_qcv_045,period_2,2,198,0,1,880.0,6995.92,5302.87,2244.79,2,6881.55,0.0,0.0,0.0,3.07,31.8,0.0,31.8,79.5,0.0,880.0,0.0,0.0
bf_qcv_045,period_2,2,204,0,1,880.0,7616.07,5302.87,2443.77,2,7517.79,0.0,0.0,0.0,3.08,8.65,0.0,8.65,86.55,0.0,880.0,0.0,0.0
bf_qcv_045,period_2,2,21,0,1,1200.0,7985.82,4819.73,1879.1,2,7875.15,0.0,0.0,0.0,4.19,39.93,0.0,39.93,66.55,0.0,1200.0,0.0,0.0
bf_qcv_045,period_2,2,220,0,1,880.0,8484.8,5302.87,2722.52,2,8375.66,0.0,0.0,0.0,3.08,9.64,0.0,9.64,96.42,0.0,880.0,0.0,0.0
bf_qcv_045,period_2,2,224,0,1,880.0,6564.84,5302.87,2106.46,2,6479.7,0.0,0.0,0.0,3.08,7.46,0.0,7.46,74.6,0.0,880.0,0.0,0.0
bf_qcv_045,period_2,2,225,0,1,880.0,7640.29,5302.87,2451.55,2,7541.71,0.0,0.0,0.0,3.08,8.68,0.0,8.68,86.82,0.0,880.0,0.0,0.0
bf_qcv_045,period_2,2,243,0,1,880.0,7486.51,5302.87,2402.2,2,7389.85,0.0,0.0,0.0,3.08,8.51,0.0,8.51,85.07,0.0,880.0,0.0,0.0
bf_qcv_045,period_2,2,248,0,1,880.0,8106.4,5302.87,2601.11,2,8001.99,0.0,0.0,0.0,3.08,9.21,0.0,9.21,92.12,0.0,880.0,0.0,0.0
bf_qcv_045,period_2,2,251,0,1,880.0,7522.41,5302.87,2413.72,2,7425.3,0.0,0.0,0.0,3.08,8.55,0.0,8.55,85.48,0.0,880.0,0.0,0.0
bf_qcv_045,period_2,2,252,0,1,880.0,8352.17,5302.87,2679.97,2,8216.23,0.0,0.0,0.0,3.07,37.96,0.0,37.96,94.91,0.0,880.0,0.0,0.0
bf_qcv_045,period_2,2,253,0,1,880.0,7601.37,5302.87,2439.06,2,7503.28,0.0,0.0,0.0,3.08,8.64,0.0,8.64,86.38,0.0,880.0,0.0,0.0
bf_qcv_045,period_2,2,28,0,1,1200.0,7226.67,4819.73,1700.47,2,7126.12,0.0,0.0,0.0,4.19,36.13,0.0,36.13,60.22,0.0,1200.0,0.0,0.0
bf_qcv_045,period_2,2,32,0,1,1200.0,8255.11,4819.73,1942.47,2,8140.85,0.0,0.0,0.0,4.19,41.28,0.0,41.28,68.79,0.0,1200.0,0.0,0.0
bf_qcv_045,period_2,2,35,0,1,1200.0,7537.9,4819.73,1773.71,2,7433.2,0.0,0.0,0.0,4.19,37.69,0.0,37.69,62.82,0.0,1200.0,0.0,0.0
bf_qcv_045,period_2,2,4,0,1,1200.0,8025.79,4819.73,1888.51,2,7914.59,0.0,0.0,0.0,4.19,40.13,0.0,40.13,66.88,0.0,1200.0,0.0,0.0
bf_qcv_045,period_2,2,54,0,1,1200.0,7391.03,4819.73,1739.15,2,7288.29,0.0,0.0,0.0,4.19,36.96,0.0,36.96,61.59,0.0,1200.0,0.0,0.0
bf_qcv_045,period_2,2,66,0,1,1200.0,7909.62,4819.73,1861.17,2,7786.01,13.96,13.96,0.0,4.19,39.55,0.0,39.55,65.91,0.0,1200.0,0.0,0.0
bf_qcv_045,period_2,2,7,0,1,1200.0,8064.92,4819.73,1897.72,2,7953.19,0.0,0.0,0.0,4.19,40.32,0.0,40.32,67.21,0.0,1200.0,0.0,0.0
bf_qcv_045,period_2,2,76,0,1,1200.0,7537.46,4819.73,1773.6,2,7432.77,0.0,0.0,0.0,4.19,37.69,0.0,37.69,62.81,0.0,1200.0,0.0,0.0
bf_qcv_045,period_2,2,83,0,1,1200.0,7994.35,4819.73,1881.11,2,7883.57,0.0,0.0,0.0,4.19,39.97,0.0,39.97,66.62,0.0,1200.0,0.0,0.0
bf_qcv_045,period_2,2,256,1,1,717.0,38.38,4819.73,15.11,1,35.84,0.0,0.0,0.0,2.54,0.0,0.0,0.0,0.0,0.0,717.0,0.0,2.54
bf_qcv_045,period_2,2,257,1,1,494.0,9.68,5288.27,5.53,1,7.93,0.0,0.0,0.0,1.75,0.0,0.0,0.0,0.0,0.0,494.0,0.0,1.75
bf_qcv_045,period_2,2,258,1,0,880.0,0.0,5302.87,0.0,0,0.0,0.0,0.0,0.0,0.0,0.0,0.0,0.0,0.0,0.0,880.0,0.0,0.0
bf_qcv_045,period_3,3,107,0,1,1000.0,9312.83,5288.27,2629.63,2,9197.58,0.0,0.0,0.0,3.5,18.63,0.0,18.63,93.13,0.0,1000.0,0.0,0.0
bf_qcv_045,period_3,3,114,0,1,1000.0,9764.95,5288.27,2757.29,2,9117.16,0.0,0.0,0.0,3.31,546.84,0.0,546.84,97.65,0.0,1000.0,0.0,0.0
bf_qcv_045,period_3,3,119,0,1,1000.0,8730.4,5288.27,2465.17,2,8150.89,0.0,0.0,0.0,3.31,488.9,0.0,488.9,87.3,0.0,1000.0,0.0,0.0
bf_qcv_045,period_3,3,132,0,1,1000.0,7888.72,5288.27,2227.51,2,7577.66,0.0,0.0,0.0,3.4,228.77,0.0,228.77,78.89,0.0,1000.0,0.0,0.0
bf_qcv_045,period_3,3,136,0,1,1000.0,9049.37,5288.27,2555.24,2,8935.15,2.13,0.0,2.13,3.5,18.1,0.0,18.1,90.49,0.0,1000.0,0.0,0.0
bf_qcv_045,period_3,3,157,0,1,1000.0,9296.83,5288.27,2625.11,2,9181.77,0.0,0.0,0.0,3.5,18.59,0.0,18.59,92.97,0.0,1000.0,0.0,0.0
bf_qcv_045,period_3,3,163,0,1,1000.0,8742.76,5288.27,2468.66,2,8398.39,0.0,0.0,0.0,3.4,253.54,0.0,253.54,87.43,0.0,1000.0,0.0,0.0
bf_qcv_045,period_3,3,168,0,1,880.0,8196.89,5302.87,2630.14,2,8063.42,0.0,0.0,0.0,3.07,37.26,0.0,37.26,93.15,0.0,880.0,0.0,0.0
bf_qcv_045,period_3,3,175,0,1,880.0,7080.64,5302.87,2271.97,2,6989.05,0.0,0.0,0.0,3.08,8.05,0.0,8.05,80.46,0.0,880.0,0.0,0.0
bf_qcv_045,period_3,3,176,0,1,880.0,7459.93,5302.87,2393.67,2,7338.18,0.0,0.0,0.0,3.07,33.91,0.0,33.91,84.77,0.0,880.0,0.0,0.0
bf_qcv_045,period_3,3,178,0,1,880.0,7891.48,5302.87,2532.14,2,7762.87,0.0,0.0,0.0,3.07,35.87,0.0,35.87,89.68,0.0,880.0,0.0,0.0
bf_qcv_045,period_3,3,18,0,1,1200.0,7183.87,4819.73,1690.4,2,7083.89,0.0,0.0,0.0,4.19,35.92,0.0,35.92,59.87,0.0,1200.0,0.0,0.0
bf_qcv_045,period_3,3,180,0,1,880.0,8764.2,5302.87,2812.18,2,8621.7,0.0,0.0,0.0,3.07,39.84,0.0,39.84,99.59,0.0,880.0,0.0,0.0
bf_qcv_045,period_3,3,187,0,1,880.0,7216.06,5302.87,2315.42,2,7122.78,0.0,0.0,0.0,3.08,8.2,0.0,8.2,82.0,0.0,880.0,0.0,0.0
bf_qcv_045,period_3,3,202,0,1,880.0,7276.38,5302.87,2334.78,2,7182.35,0.0,0.0,0.0,3.08,8.27,0.0,8.27,82.69,0.0,880.0,0.0,0.0
bf_qcv_045,period_3,3,204,0,1,880.0,7616.07,5302.87,2443.77,2,7491.84,0.0,0.0,0.0,3.07,34.62,0.0,34.62,86.55,0.0,880.0,0.0,0.0
bf_qcv_045,period_3,3,21,0,1,1200.0,7985.82,4819.73,1879.1,2,7875.15,0.0,0.0,0.0,4.19,39.93,0.0,39.93,66.55,0.0,1200.0,0.0,0.0
bf_qcv_045,period_3,3,210,0,1,880.0,7283.34,5302.87,2337.01,2,7189.08,0.14,0.0,0.14,3.08,8.28,0.0,8.28,82.77,0.0,880.0,0.0,0.0
bf_qcv_045,period_3,3,211,0,1,880.0,7672.4,5302.87,2461.85,2,7573.42,0.0,0.0,0.0,3.08,8.72,0.0,8.72,87.19,0.0,880.0,0.0,0.0
bf_qcv_045,period_3,3,212,0,1,880.0,7547.31,5302.87,2421.71,2,7449.89,0.0,0.0,0.0,3.08,8.58,0.0,8.58,85.76,0.0,880.0,0.0,0.0
bf_qcv_045,period_3,3,213,0,1,880.0,7338.81,5302.87,2354.81,2,7244.0,0.0,0.0,0.0,3.08,8.34,0.0,8.34,83.4,0.0,880.0,0.0,0.0
bf_qcv_045,period_3,3,220,0,1,880.0,8484.8,5302.87,2722.52,2,8346.75,0.0,0.0,0.0,3.07,38.57,0.0,38.57,96.42,0.0,880.0,0.0,0.0
bf_qcv_045,period_3,3,222,0,1,880.0,7362.83,5302.87,2362.52,2,7267.72,0.0,0.0,0.0,3.08,8.37,0.0,8.37,83.67,0.0,880.0,0.0,0.0
bf_qcv_045,period_3,3,225,0,1,880.0,7640.29,5302.87,2451.55,2,7515.67,0.0,0.0,0.0,3.07,34.73,0.0,34.73,86.82,0.0,880.0,0.0,0.0
bf_qcv_045,period_3,3,229,0,1,880.0,7358.24,5302.87,2361.04,2,7263.18,0.0,0.0,0.0,3.08,8.36,0.0,8.36,83.62,0.0,880.0,0.0,0.0
bf_qcv_045,period_3,3,234,0,1,880.0,8367.18,5302.87,2684.78,2,8259.51,0.0,0.0,0.0,3.08,9.51,0.0,9.51,95.08,0.0,880.0,0.0,0.0
bf_qcv_045,period_3,3,239,0,1,880.0,7477.33,5302.87,2399.26,2,7380.79,0.0,0.0,0.0,3.08,8.5,0.0,8.5,84.97,0.0,880.0,0.0,0.0
bf_qcv_045,period_3,3,243,0,1,880.0,7486.51,5302.87,2402.2,2,7356.1,8.24,8.24,0.0,3.07,34.03,0.0,34.03,85.07,0.0,880.0,0.0,0.0
bf_qcv_045,period_3,3,248,0,1,880.0,8106.4,5302.87,2601.11,2,7974.37,0.0,0.0,0.0,3.07,36.85,0.0,36.85,92.12,0.0,880.0,0.0,0.0
bf_qcv_045,period_3,3,251,0,1,880.0,7522.41,5302.87,2413.72,2,7425.3,0.0,0.0,0.0,3.08,8.55,0.0,8.55,85.48,0.0,880.0,0.0,0.0
bf_qcv_045,period_3,3,252,0,1,880.0,8352.17,5302.87,2679.97,2,8216.23,0.0,0.0,0.0,3.07,37.96,0.0,37.96,94.91,0.0,880.0,0.0,0.0
bf_qcv_045,period_3,3,253,0,1,880.0,7601.37,5302.87,2439.06,2,7477.37,0.0,0.0,0.0,3.07,34.55,0.0,34.55,86.38,0.0,880.0,0.0,0.0
bf_qcv_045,period_3,3,32,0,1,1200.0,8255.11,4819.73,1942.47,2,8140.85,0.0,0.0,0.0,4.19,41.28,0.0,41.28,68.79,0.0,1200.0,0.0,0.0
bf_qcv_045,period_3,3,4,0,1,1200.0,8025.79,4819.73,1888.51,2,7914.59,0.0,0.0,0.0,4.19,40.13,0.0,40.13,66.88,0.0,1200.0,0.0,0.0
bf_qcv_045,period_3,3,48,0,1,1200.0,7701.29,4819.73,1812.15,2,7593.28,1.13,0.0,1.13,4.19,38.51,0.0,38.51,64.18,0.0,1200.0,0.0,0.0
bf_qcv_045,period_3,3,56,0,1,1200.0,7613.64,4819.73,1791.53,2,7507.93,0.0,0.0,0.0,4.19,38.07,0.0,38.07,63.45,0.0,1200.0,0.0,0.0
bf_qcv_045,period_3,3,7,0,1,1200.0,8064.92,4819.73,1897.72,2,7953.19,0.0,0.0,0.0,4.19,40.32,0.0,40.32,67.21,0.0,1200.0,0.0,0.0
bf_qcv_045,period_3,3,72,0,1,1200.0,8036.24,4819.73,1890.97,2,7924.9,0.0,0.0,0.0,4.19,40.18,0.0,40.18,66.97,0.0,1200.0,0.0,0.0
bf_qcv_045,period_3,3,74,0,1,1200.0,8054.77,4819.73,1895.33,2,7943.18,0.0,0.0,0.0,4.19,40.27,0.0,40.27,67.12,0.0,1200.0,0.0,0.0
bf_qcv_045,period_3,3,75,0,1,1200.0,5140.35,4819.73,1209.55,2,5067.62,0.0,0.0,0.0,4.19,25.7,0.0,25.7,42.84,0.0,1200.0,0.0,0.0
bf_qcv_045,period_3,3,83,0,1,1200.0,7994.35,4819.73,1881.11,2,7883.57,0.0,0.0,0.0,4.19,39.97,0.0,39.97,66.62,0.0,1200.0,0.0,0.0
bf_qcv_045,period_3,3,91,0,1,1000.0,7911.06,5288.27,2233.82,2,7385.62,0.0,0.0,0.0,3.31,443.02,0.0,443.02,79.11,0.0,1000.0,0.0,0.0
bf_qcv_045,period_3,3,97,0,1,1000.0,8067.01,5288.27,2277.85,2,7531.28,0.0,0.0,0.0,3.31,451.75,0.0,451.75,80.67,0.0,1000.0,0.0,0.0
bf_qcv_045,period_3,3,99,0,1,1000.0,7839.01,5288.27,2213.47,2,7529.89,0.0,0.0,0.0,3.4,227.33,0.0,227.33,78.39,0.0,1000.0,0.0,0.0
bf_qcv_045,period_3,3,256,1,1,717.0,13.96,4819.73,5.5,1,11.42,0.0,0.0,0.0,2.54,0.0,0.0,0.0,0.0,0.0,717.0,0.0,2.54
bf_qcv_045,period_3,3,257,1,1,494.0,11.27,5288.27,6.44,1,9.52,0.0,0.0,0.0,1.75,0.0,0.0,0.0,0.0,0.0,494.0,0.0,1.75
bf_qcv_045,period_3,3,258,1,0,1000.0,0.0,5288.27,0.0,0,0.0,0.0,0.0,0.0,0.0,0.0,0.0,0.0,0.0,0.0,1000.0,0.0,0.0
bf_qcv_045,period_3,3,259,1,1,433.0,7.68,5302.87,5.01,1,6.15,0.0,0.0,0.0,1.53,0.0,0.0,0.0,0.0,0.0,433.0,0.0,1.53
bf_qcv_045,period_4,4,108,0,1,1000.0,7971.78,5288.27,2250.96,2,7872.62,0.0,0.0,0.0,3.5,15.94,0.0,15.94,79.72,0.0,1000.0,0.0,0.0
bf_qcv_045,period_4,4,112,0,1,1000.0,7814.23,5288.27,2206.47,2,7716.96,0.0,0.0,0.0,3.5,15.63,0.0,15.63,78.14,0.0,1000.0,0.0,0.0
bf_qcv_045,period_4,4,114,0,1,1000.0,9764.95,5288.27,2757.29,2,9378.82,1.9,0.0,1.9,3.4,283.18,0.0,283.18,97.65,0.0,1000.0,0.0,0.0
bf_qcv_045,period_4,4,119,0,1,1000.0,8730.4,5288.27,2465.17,2,8386.51,0.0,0.0,0.0,3.4,253.18,0.0,253.18,87.3,0.0,1000.0,0.0,0.0
bf_qcv_045,period_4,4,126,0,1,1000.0,9551.22,5288.27,2696.94,2,8917.53,0.0,0.0,0.0,3.31,534.87,0.0,534.87,95.51,0.0,1000.0,0.0,0.0
bf_qcv_045,period_4,4,146,0,1,1000.0,8447.56,5288.27,2385.31,2,8114.7,0.0,0.0,0.0,3.4,244.98,0.0,244.98,84.48,0.0,1000.0,0.0,0.0
bf_qcv_045,period_4,4,152,0,1,1000.0,8106.44,5288.27,2288.98,2,7568.11,0.0,0.0,0.0,3.31,453.96,0.0,453.96,81.06,0.0,1000.0,0.0,0.0
bf_qcv_045,period_4,4,155,0,1,1000.0,8064.62,5288.27,2277.18,2,7746.7,0.0,0.0,0.0,3.4,233.87,0.0,233.87,80.65,0.0,1000.0,0.0,0.0
bf_qcv_045,period_4,4,157,0,1,1000.0,9296.83,5288.27,2625.11,2,8930.85,0.0,0.0,0.0,3.4,269.61,0.0,269.61,92.97,0.0,1000.0,0.0,0.0
bf_qcv_045,period_4,4,168,0,1,880.0,8196.89,5302.87,2630.14,2,8091.35,0.0,0.0,0.0,3.08,9.31,0.0,9.31,93.15,0.0,880.0,0.0,0.0
bf_qcv_045,period_4,4,174,0,1,880.0,7125.05,5302.87,2286.2,2,7008.58,0.0,0.0,0.0,3.07,32.39,0.0,32.39,80.97,0.0,880.0,0.0,0.0
bf_qcv_045,period_4,4,178,0,1,880.0,7891.48,5302.87,2532.14,2,7789.76,0.0,0.0,0.0,3.08,8.97,0.0,8.97,89.68,0.0,880.0,0.0,0.0
bf_qcv_045,period_4,4,180,0,1,880.0,8764.2,5302.87,2812.18,2,8651.57,0.0,0.0,0.0,3.08,9.96,0.0,9.96,99.59,0.0,880.0,0.0,0.0
bf_qcv_045,period_4,4,189,0,1,880.0,6306.56,5302.87,2023.59,2,6224.65,0.0,0.0,0.0,3.08,7.17,0.0,7.17,71.67,0.0,880.0,0.0,0.0
bf_qcv_045,period_4,4,193,0,1,880.0,7037.51,5302.87,2258.11,2,6922.43,0.0,0.0,0.0,3.07,31.99,0.0,31.99,79.97,0.0,880.0,0.0,0.0
bf_qcv_045,period_4,4,198,0,1,880.0,6995.92,5302.87,2244.77,2,6881.5,0.0,0.0,0.0,3.07,31.8,0.0,31.8,79.5,0.0,880.0,0.0,0.0
bf_qcv_045,period_4,4,203,0,1,880.0,7636.22,5302.87,2450.24,2,7537.69,0.0,0.0,0.0,3.08,8.68,0.0,8.68,86.78,0.0,880.0,0.0,0.0
bf_qcv_045,period_4,4,204,0,1,880.0,7616.07,5302.87,2443.77,2,7517.79,0.0,0.0,0.0,3.08,8.65,0.0,8.65,86.55,0.0,880.0,0.0,0.0
bf_qcv_045,period_4,4,212,0,1,880.0,7547.31,5302.87,2421.69,2,7424.11,0.0,0.0,0.0,3.07,34.31,0.0,34.31,85.76,0.0,880.0,0.0,0.0
bf_qcv_045,period_4,4,225,0,1,880.0,7640.29,5302.87,2451.55,2,7541.71,0.0,0.0,0.0,3.08,8.68,0.0,8.68,86.82,0.0,880.0,0.0,0.0
bf_qcv_045,period_4,4,226,0,1,880.0,6934.29,5302.87,2225.01,2,6844.53,0.0,0.0,0.0,3.08,7.88,0.0,7.88,78.8,0.0,880.0,0.0,0.0
bf_qcv_045,period_4,4,234,0,1,880.0,8367.18,5302.87,2684.78,2,8247.86,11.65,11.65,0.0,3.08,9.51,0.0,9.51,95.08,0.0,880.0,0.0,0.0
bf_qcv_045,period_4,4,239,0,1,880.0,7477.33,5302.87,2399.26,2,7355.31,0.0,0.0,0.0,3.07,33.99,0.0,33.99,84.97,0.0,880.0,0.0,0.0
bf_qcv_045,period_4,4,28,0,1,1200.0,7226.67,4819.73,1700.47,2,7126.12,0.0,0.0,0.0,4.19,36.13,0.0,36.13,60.22,0.0,1200.0,0.0,0.0
bf_qcv_045,period_4,4,37,0,1,1200.0,7110.47,4819.73,1673.13,2,7011.47,0.0,0.0,0.0,4.19,35.55,0.0,35.55,59.25,0.0,1200.0,0.0,0.0
bf_qcv_045,period_4,4,4,0,1,1200.0,8025.79,4819.73,1888.51,2,7914.59,0.0,0.0,0.0,4.19,40.13,0.0,40.13,66.88,0.0,1200.0,0.0,0.0
bf_qcv_045,period_4,4,48,0,1,1200.0,7701.29,4819.73,1812.15,2,7594.41,0.0,0.0,0.0,4.19,38.51,0.0,38.51,64.18,0.0,1200.0,0.0,0.0
bf_qcv_045,period_4,4,54,0,1,1200.0,7391.03,4819.73,1739.15,2,7282.31,5.98,0.0,5.98,4.19,36.96,0.0,36.96,61.59,0.0,1200.0,0.0,0.0
bf_qcv_045,period_4,4,74,0,1,1200.0,8054.77,4819.73,1895.33,2,7943.18,0.0,0.0,0.0,4.19,40.27,0.0,40.27,67.12,0.0,1200.0,0.0,0.0
bf_qcv_045,period_4,4,82,0,1,1200.0,7213.73,4819.73,1697.43,2,7113.35,0.0,0.0,0.0,4.19,36.07,0.0,36.07,60.11,0.0,1200.0,0.0,0.0
bf_qcv_045,period_4,4,256,1,1,433.0,8.24,5302.87,5.37,1,6.71,0.0,0.0,0.0,1.53,0.0,0.0,0.0,0.0,0.0,433.0,0.0,1.53
bf_qcv_045,period_5,5,10,0,1,1200.0,7342.89,4819.73,1727.82,2,7240.79,0.0,0.0,0.0,4.19,36.71,0.0,36.71,61.19,0.0,1200.0,0.0,0.0
bf_qcv_045,period_5,5,102,0,1,1000.0,7505.42,5288.27,2119.28,2,7208.66,0.65,0.0,0.65,3.4,217.66,0.0,217.66,75.05,0.0,1000.0,0.0,0.0
bf_qcv_045,period_5,5,110,0,1,1000.0,7776.67,5288.27,2195.87,2,7260.1,0.0,0.0,0.0,3.31,435.49,0.0,435.49,77.77,0.0,1000.0,0.0,0.0
bf_qcv_045,period_5,5,119,0,1,1000.0,8730.4,5288.27,2465.17,2,8622.14,0.0,0.0,0.0,3.5,17.46,0.0,17.46,87.3,0.0,1000.0,0.0,0.0
bf_qcv_045,period_5,5,122,0,1,1000.0,7122.49,5288.27,2011.15,2,6649.1,0.0,0.0,0.0,3.31,398.86,0.0,398.86,71.22,0.0,1000.0,0.0,0.0
bf_qcv_045,period_5,5,126,0,1,1000.0,9551.22,5288.27,2696.94,2,9433.11,0.0,0.0,0.0,3.5,19.1,0.0,19.1,95.51,0.0,1000.0,0.0,0.0
bf_qcv_045,period_5,5,129,0,1,1000.0,7913.08,5288.27,2234.39,2,7814.62,0.0,0.0,0.0,3.5,15.83,0.0,15.83,79.13,0.0,1000.0,0.0,0.0
bf_qcv_045,period_5,5,136,0,1,1000.0,9049.37,5288.27,2555.24,2,8937.28,0.0,0.0,0.0,3.5,18.1,0.0,18.1,90.49,0.0,1000.0,0.0,0.0
bf_qcv_045,period_5,5,151,0,1,1000.0,8031.26,5288.27,2267.74,2,7497.85,0.0,0.0,0.0,3.31,449.75,0.0,449.75,80.31,0.0,1000.0,0.0,0.0
bf_qcv_045,period_5,5,163,0,1,1000.0,8742.76,5288.27,2468.66,2,8634.35,0.0,0.0,0.0,3.5,17.49,0.0,17.49,87.43,0.0,1000.0,0.0,0.0
bf_qcv_045,period_5,5,165,0,1,1000.0,8589.81,5288.27,2425.47,2,8251.4,0.0,0.0,0.0,3.4,249.1,0.0,249.1,85.9,0.0,1000.0,0.0,0.0
bf_qcv_045,period_5,5,168,0,1,880.0,8196.89,5302.87,2630.14,2,8091.35,0.0,0.0,0.0,3.08,9.31,0.0,9.31,93.15,0.0,880.0,0.0,0.0
bf_qcv_045,period_5,5,176,0,1,880.0,7459.93,5302.87,2393.67,2,7338.18,0.0,0.0,0.0,3.07,33.91,0.0,33.91,84.77,0.0,880.0,0.0,0.0
bf_qcv_045,period_5,5,177,0,1,880.0,6898.96,5302.87,2213.67,2,6786.14,0.0,0.0,0.0,3.07,31.36,0.0,31.36,78.4,0.0,880.0,0.0,0.0
bf_qcv_045,period_5,5,178,0,1,880.0,7891.48,5302.87,2532.14,2,7762.87,0.0,0.0,0.0,3.07,35.87,0.0,35.87,89.68,0.0,880.0,0.0,0.0
bf_qcv_045,period_5,5,180,0,1,880.0,8764.2,5302.87,2812.18,2,8651.57,0.0,0.0,0.0,3.08,9.96,0.0,9.96,99.59,0.0,880.0,0.0,0.0
bf_qcv_045,period_5,5,184,0,1,880.0,7222.42,5302.87,2317.46,2,7104.45,0.0,0.0,0.0,3.07,32.83,0.0,32.83,82.07,0.0,880.0,0.0,0.0
bf_qcv_045,period_5,5,186,0,1,880.0,7381.95,5302.87,2368.65,2,7261.32,0.12,0.0,0.12,3.07,33.55,0.0,33.55,83.89,0.0,880.0,0.0,0.0
bf_qcv_045,period_5,5,192,0,1,880.0,7480.06,5302.87,2400.13,2,7383.48,0.0,0.0,0.0,3.08,8.5,0.0,8.5,85.0,0.0,880.0,0.0,0.0
bf_qcv_045,period_5,5,195,0,1,880.0,7009.32,5302.87,2249.09,2,6918.63,0.0,0.0,0.0,3.08,7.97,0.0,7.97,79.65,0.0,880.0,0.0,0.0
bf_qcv_045,period_5,5,200,0,1,880.0,6102.49,5302.87,1958.11,2,6002.34,0.0,0.0,0.0,3.07,27.74,0.0,27.74,69.35,0.0,880.0,0.0,0.0
bf_qcv_045,period_5,5,204,0,1,880.0,7616.07,5302.87,2443.77,2,7517.79,0.0,0.0,0.0,3.08,8.65,0.0,8.65,86.55,0.0,880.0,0.0,0.0
bf_qcv_045,period_5,5,208,0,1,880.0,7244.0,5302.87,2324.39,2,7125.69,0.0,0.0,0.0,3.07,32.93,0.0,32.93,82.32,0.0,880.0,0.0,0.0
bf_qcv_045,period_5,5,211,0,1,880.0,7672.4,5302.87,2461.85,2,7547.27,0.0,0.0,0.0,3.07,34.87,0.0,34.87,87.19,0.0,880.0,0.0,0.0
bf_qcv_045,period_5,5,212,0,1,880.0,7547.31,5302.87,2421.71,2,7449.89,0.0,0.0,0.0,3.08,8.58,0.0,8.58,85.76,0.0,880.0,0.0,0.0
bf_qcv_045,period_5,5,216,0,1,880.0,6357.52,5302.87,2039.94,2,6274.97,0.0,0.0,0.0,3.08,7.22,0.0,7.22,72.24,0.0,880.0,0.0,0.0
bf_qcv_045,period_5,5,219,0,1,880.0,6946.41,5302.87,2228.9,2,6832.83,0.0,0.0,0.0,3.07,31.57,0.0,31.57,78.94,0.0,880.0,0.0,0.0
bf_qcv_045,period_5,5,22,0,1,1200.0,6807.75,4819.73,1601.9,2,6712.79,0.0,0.0,0.0,4.19,34.04,0.0,34.04,56.73,0.0,1200.0,0.0,0.0
bf_qcv_045,period_5,5,220,0,1,880.0,8484.8,5302.87,2722.52,2,8375.66,0.0,0.0,0.0,3.08,9.64,0.0,9.64,96.42,0.0,880.0,0.0,0.0
bf_qcv_045,period_5,5,234,0,1,880.0,8367.18,5302.87,2684.78,2,8259.51,0.0,0.0,0.0,3.08,9.51,0.0,9.51,95.08,0.0,880.0,0.0,0.0
bf_qcv_045,period_5,5,235,0,1,880.0,7326.77,5302.87,2350.95,2,7207.14,0.0,0.0,0.0,3.07,33.3,0.0,33.3,83.26,0.0,880.0,0.0,0.0
bf_qcv_045,period_5,5,243,0,1,880.0,7486.51,5302.87,2402.2,2,7389.85,0.0,0.0,0.0,3.08,8.51,0.0,8.51,85.07,0.0,880.0,0.0,0.0
bf_qcv_045,period_5,5,248,0,1,880.0,8106.4,5302.87,2601.11,2,8001.99,0.0,0.0,0.0,3.08,9.21,0.0,9.21,92.12,0.0,880.0,0.0,0.0
bf_qcv_045,period_5,5,251,0,1,880.0,7522.41,5302.87,2413.72,2,7415.22,10.08,10.08,0.0,3.08,8.55,0.0,8.55,85.48,0.0,880.0,0.0,0.0
bf_qcv_045,period_5,5,252,0,1,880.0,8352.17,5302.87,2679.97,2,8244.69,0.0,0.0,0.0,3.08,9.49,0.0,9.49,94.91,0.0,880.0,0.0,0.0
bf_qcv_045,period_5,5,253,0,1,880.0,7601.37,5302.87,2439.06,2,7503.28,0.0,0.0,0.0,3.08,8.64,0.0,8.64,86.38,0.0,880.0,0.0,0.0
bf_qcv_045,period_5,5,28,0,1,1200.0,7226.67,4819.73,1700.47,2,7126.12,0.0,0.0,0.0,4.19,36.13,0.0,36.13,60.22,0.0,1200.0,0.0,0.0
bf_qcv_045,period_5,5,32,0,1,1200.0,8255.11,4819.73,1942.47,2,8140.85,0.0,0.0,0.0,4.19,41.28,0.0,41.28,68.79,0.0,1200.0,0.0,0.0
bf_qcv_045,period_5,5,37,0,1,1200.0,7110.47,4819.73,1673.13,2,7011.47,0.0,0.0,0.0,4.19,35.55,0.0,35.55,59.25,0.0,1200.0,0.0,0.0
bf_qcv_045,period_5,5,4,0,1,1200.0,8025.79,4819.73,1888.51,2,7901.4,13.19,13.19,0.0,4.19,40.13,0.0,40.13,66.88,0.0,1200.0,0.0,0.0
bf_qcv_045,period_5,5,41,0,1,1200.0,7479.34,4819.73,1759.93,2,7375.42,0.0,0.0,0.0,4.19,37.4,0.0,37.4,62.33,0.0,1200.0,0.0,0.0
bf_qcv_045,period_5,5,43,0,1,1200.0,6884.45,4819.73,1619.95,2,6788.46,0.0,0.0,0.0,4.19,34.42,0.0,34.42,57.37,0.0,1200.0,0.0,0.0
bf_qcv_045,period_5,5,48,0,1,1200.0,7701.29,4819.73,1812.15,2,7594.41,0.0,0.0,0.0,4.19,38.51,0.0,38.51,64.18,0.0,1200.0,0.0,0.0
bf_qcv_045,period_5,5,5,0,1,1200.0,6801.91,4819.73,1600.52,2,6707.02,0.0,0.0,0.0,4.19,34.01,0.0,34.01,56.68,0.0,1200.0,0.0,0.0
bf_qcv_045,period_5,5,54,0,1,1200.0,7391.03,4819.73,1739.15,2,7288.29,0.0,0.0,0.0,4.19,36.96,0.0,36.96,61.59,0.0,1200.0,0.0,0.0
bf_qcv_045,period_5,5,67,0,1,1200.0,6914.84,4819.73,1627.1,2,6818.45,0.0,0.0,0.0,4.19,34.57,0.0,34.57,57.62,0.0,1200.0,0.0,0.0
bf_qcv_045,period_5,5,74,0,1,1200.0,8054.77,4819.73,1895.33,2,7943.18,0.0,0.0,0.0,4.19,40.27,0.0,40.27,67.12,0.0,1200.0,0.0,0.0
bf_qcv_045,period_5,5,77,0,1,1200.0,7025.63,4819.73,1653.17,2,6927.76,0.0,0.0,0.0,4.19,35.13,0.0,35.13,58.55,0.0,1200.0,0.0,0.0
bf_qcv_045,period_5,5,92,0,1,1000.0,8593.93,5288.27,2426.62,2,8023.38,0.0,0.0,0.0,3.31,481.26,0.0,481.26,85.94,0.0,1000.0,0.0,0.0
bf_qcv_045,period_5,5,256,1,1,436.0,11.65,5302.87,7.54,1,10.11,0.0,0.0,0.0,1.54,0.0,0.0,0.0,0.0,0.0,436.0,0.0,1.54
bf_sae1006_045,period_1,1,100,0,1,810.0,7717.17,5173.98,2689.52,1,7433.35,0.0,0.0,0.0,2.76,185.78,0.0,185.78,95.27,0.0,810.0,0.0,0.0
bf_sae1006_045,period_1,1,102,0,1,810.0,8652.32,5173.98,3015.43,1,8334.44,0.0,0.0,0.0,2.76,208.3,0.0,208.3,106.82,0.0,810.0,0.0,0.0
bf_sae1006_045,period_1,1,107,0,1,810.0,6724.82,5173.98,2343.68,1,6705.83,16.12,16.12,0.0,2.87,0.0,0.0,0.0,0.0,0.0,810.0,0.0,0.0
bf_sae1006_045,period_1,1,111,0,1,810.0,8429.71,5173.98,2937.85,1,8119.94,0.0,0.0,0.0,2.76,202.94,0.0,202.94,104.07,0.0,810.0,0.0,0.0
bf_sae1006_045,period_1,1,117,0,1,810.0,8397.97,5173.98,2926.79,1,8089.35,0.0,0.0,0.0,2.76,202.17,0.0,202.17,103.68,0.0,810.0,0.0,0.0
bf_sae1006_045,period_1,1,118,0,1,810.0,7935.17,5173.98,2765.5,1,7643.41,0.0,0.0,0.0,2.76,191.03,0.0,191.03,97.97,0.0,810.0,0.0,0.0
bf_sae1006_045,period_1,1,121,0,1,810.0,8058.98,5173.98,2808.65,1,7762.71,0.0,0.0,0.0,2.76,194.01,0.0,194.01,99.49,0.0,810.0,0.0,0.0
bf_sae1006_045,period_1,1,123,0,1,810.0,7976.6,5173.98,2779.94,1,7683.33,0.0,0.0,0.0,2.76,192.03,0.0,192.03,98.48,0.0,810.0,0.0,0.0
bf_sae1006_045,period_1,1,137,0,1,810.0,8004.9,5173.98,2789.8,1,7710.6,0.0,0.0,0.0,2.76,192.71,0.0,192.71,98.83,0.0,810.0,0.0,0.0
bf_sae1006_045,period_1,1,140,0,1,810.0,8199.01,5173.98,2857.45,1,7897.64,0.0,0.0,0.0,2.76,197.38,0.0,197.38,101.22,0.0,810.0,0.0,0.0
bf_sae1006_045,period_1,1,142,0,1,810.0,7935.07,5173.98,2765.46,1,7643.31,0.0,0.0,0.0,2.76,191.03,0.0,191.03,97.96,0.0,810.0,0.0,0.0
bf_sae1006_045,period_1,1,144,0,1,810.0,8560.72,5173.98,2983.51,1,8246.18,0.0,0.0,0.0,2.76,206.09,0.0,206.09,105.69,0.0,810.0,0.0,0.0
bf_sae1006_045,period_1,1,145,0,1,810.0,8343.94,5173.98,2907.96,1,8037.29,0.0,0.0,0.0,2.76,200.87,0.0,200.87,103.01,0.0,810.0,0.0,0.0
bf_sae1006_045,period_1,1,149,0,1,810.0,8069.45,5173.98,2812.3,1,7772.8,0.0,0.0,0.0,2.76,194.26,0.0,194.26,99.62,0.0,810.0,0.0,0.0
bf_sae1006_045,period_1,1,152,0,1,810.0,7849.27,5173.98,2735.56,1,7560.64,0.0,0.0,0.0,2.76,188.96,0.0,188.96,96.9,0.0,810.0,0.0,0.0
bf_sae1006_045,period_1,1,153,0,1,810.0,5849.65,5173.98,2038.67,1,5633.84,0.0,0.0,0.0,2.76,140.82,0.0,140.82,72.22,0.0,810.0,0.0,0.0
bf_sae1006_045,period_1,1,157,0,1,810.0,7607.31,5173.98,2651.24,1,7604.44,0.0,0.0,0.0,2.87,0.0,0.0,0.0,0.0,0.0,810.0,0.0,0.0
bf_sae1006_045,period_1,1,158,0,1,810.0,8164.37,5173.98,2845.38,1,7864.26,0.0,0.0,0.0,2.76,196.55,0.0,196.55,100.79,0.0,810.0,0.0,0.0
bf_sae1006_045,period_1,1,160,0,1,810.0,8253.99,5173.98,2876.61,1,7950.62,0.0,0.0,0.0,2.76,198.71,0.0,198.71,101.9,0.0,810.0,0.0,0.0
bf_sae1006_045,period_1,1,168,0,1,810.0,6172.09,5173.98,2151.05,1,6169.22,0.0,0.0,0.0,2.87,0.0,0.0,0.0,0.0,0.0,810.0,0.0,0.0
bf_sae1006_045,period_1,1,184,0,1,810.0,8492.56,5173.98,2959.76,1,8180.5,0.0,0.0,0.0,2.76,204.45,0.0,204.45,104.85,0.0,810.0,0.0,0.0
bf_sae1006_045,period_1,1,191,0,1,810.0,7635.68,5173.98,2661.12,1,7354.83,0.0,0.0,0.0,2.76,183.82,0.0,183.82,94.27,0.0,810.0,0.0,0.0
bf_sae1006_045,period_1,1,197,0,1,810.0,8068.21,5173.98,2811.87,1,7771.6,0.0,0.0,0.0,2.76,194.23,0.0,194.23,99.61,0.0,810.0,0.0,0.0
bf_sae1006_045,period_1,1,198,0,1,810.0,8265.6,5173.98,2880.66,1,7961.8,0.0,0.0,0.0,2.76,198.99,0.0,198.99,102.04,0.0,810.0,0.0,0.0
bf_sae1006_045,period_1,1,202,0,1,810.0,7892.67,5173.98,2750.69,1,7602.46,0.0,0.0,0.0,2.76,190.01,0.0,190.01,97.44,0.0,810.0,0.0,0.0
bf_sae1006_045,period_1,1,215,0,1,1250.0,8469.02,5102.73,1912.61,2,8281.76,0.0,0.0,0.0,4.33,115.18,0.0,115.18,67.75,0.0,1250.0,0.0,0.0
bf_sae1006_045,period_1,1,217,0,1,1250.0,9684.03,5102.73,2187.0,2,9547.96,0.0,0.0,0.0,4.37,54.23,0.0,54.23,77.47,0.0,1250.0,0.0,0.0
bf_sae1006_045,period_1,1,224,0,1,1250.0,10008.67,5102.73,2260.31,2,9868.18,0.0,0.0,0.0,4.37,56.05,0.0,56.05,80.07,0.0,1250.0,0.0,0.0
bf_sae1006_045,period_1,1,227,0,1,1250.0,7857.2,5102.73,1774.44,2,7683.15,0.0,0.0,0.0,4.33,106.86,0.0,106.86,62.86,0.0,1250.0,0.0,0.0
bf_sae1006_045,period_1,1,229,0,1,1250.0,7906.15,5102.73,1785.49,2,7794.26,0.0,0.0,0.0,4.37,44.27,0.0,44.27,63.25,0.0,1250.0,0.0,0.0
bf_sae1006_045,period_1,1,243,0,1,1250.0,7001.03,5102.73,1581.08,2,6901.45,0.0,0.0,0.0,4.37,39.21,0.0,39.21,56.01,0.0,1250.0,0.0,0.0
bf_sae1006_045,period_1,1,245,0,1,1250.0,7847.13,5102.73,1772.16,2,7673.3,0.0,0.0,0.0,4.33,106.72,0.0,106.72,62.78,0.0,1250.0,0.0,0.0
bf_sae1006_045,period_1,1,264,0,1,1250.0,7454.59,5102.73,1683.51,2,7348.57,0.27,0.0,0.27,4.37,41.75,0.0,41.75,59.64,0.0,1250.0,0.0,0.0
bf_sae1006_045,period_1,1,272,0,1,1250.0,7896.41,5102.73,1783.29,4,6837.27,764.29,764.29,0.0,4.27,227.42,0.0,227.42,63.17,0.0,1250.0,0.0,0.0
bf_sae1006_045,period_1,1,275,0,1,1250.0,9385.4,5102.73,2119.56,2,9253.39,0.0,0.0,0.0,4.37,52.56,0.0,52.56,75.08,0.0,1250.0,0.0,0.0
bf_sae1006_045,period_1,1,284,0,1,1250.0,10148.17,5102.73,2291.82,2,10005.79,0.0,0.0,0.0,4.37,56.83,0.0,56.83,81.19,0.0,1250.0,0.0,0.0
bf_sae1006_045,period_1,1,286,0,1,1250.0,8130.01,5102.73,1836.05,2,8015.07,0.0,0.0,0.0,4.37,45.53,0.0,45.53,65.04,0.0,1250.0,0.0,0.0
bf_sae1006_045,period_1,1,287,0,1,1250.0,9413.5,5102.73,2125.9,3,9235.95,0.0,0.0,0.0,4.35,97.9,0.0,97.9,75.31,0.0,1250.0,0.0,0.0
bf_sae1006_045,period_1,1,294,0,1,1250.0,9812.88,5102.73,2216.1,2,8622.97,1052.08,1052.08,0.0,4.37,54.95,0.0,54.95,78.5,0.0,1250.0,0.0,0.0
bf_sae1006_045,period_1,1,44,0,1,1100.0,7996.82,4947.45,2052.23,3,7553.12,352.61,352.61,0.0,3.85,14.54,0.0,14.54,72.7,0.0,1100.0,0.0,0.0
bf_sae1006_045,period_1,1,50,0,1,1100.0,8837.22,4947.45,2267.91,2,8576.35,0.0,0.0,0.0,3.78,176.74,0.0,176.74,80.34,0.0,1100.0,0.0,0.0
bf_sae1006_045,period_1,1,55,0,1,1100.0,7209.37,4947.45,1850.15,3,7126.87,0.0,0.0,0.0,3.85,13.11,0.0,13.11,65.54,0.0,1100.0,0.0,0.0
bf_sae1006_045,period_1,1,70,0,1,1100.0,6773.12,4947.45,1738.19,2,6505.47,2.21,0.0,2.21,3.75,200.11,0.0,200.11,61.57,0.0,1100.0,0.0,0.0
bf_sae1006_045,period_1,1,72,0,1,1100.0,7350.99,4947.45,1886.49,2,7225.04,15.18,15.18,0.0,3.84,40.1,0.0,40.1,66.83,0.0,1100.0,0.0,0.0
bf_sae1006_045,period_1,1,83,0,1,1100.0,7264.83,4947.45,1864.38,2,7155.32,0.0,0.0,0.0,3.84,39.63,0.0,39.63,66.04,0.0,1100.0,0.0,0.0
bf_sae1006_045,period_1,1,87,0,1,1100.0,8238.16,4947.45,2114.17,2,7419.97,88.18,88.18,0.0,3.55,651.56,0.0,651.56,74.89,0.0,1100.0,0.0,0.0
bf_sae1006_045,period_1,1,89,0,1,1100.0,7602.23,4947.45,1950.97,2,7304.76,0.0,0.0,0.0,3.75,224.61,0.0,224.61,69.11,0.0,1100.0,0.0,0.0
bf_sae1006_045,period_1,1,93,0,1,1100.0,7307.78,4947.45,1875.41,2,7021.69,0.0,0.0,0.0,3.75,215.91,0.0,215.91,66.43,0.0,1100.0,0.0,0.0
bf_sae1006_045,period_1,1,98,0,1,810.0,8626.33,5173.98,3006.38,1,8309.4,0.0,0.0,0.0,2.76,207.67,0.0,207.67,106.5,0.0,810.0,0.0,0.0
bf_sae1006_045,period_2,2,100,0,1,810.0,7717.17,5173.98,2689.52,1,7433.35,0.0,0.0,0.0,2.76,185.78,0.0,185.78,95.27,0.0,810.0,0.0,0.0
bf_sae1006_045,period_2,2,102,0,1,810.0,8652.32,5173.98,3015.43,1,8334.44,0.0,0.0,0.0,2.76,208.3,0.0,208.3,106.82,0.0,810.0,0.0,0.0
bf_sae1006_045,period_2,2,111,0,1,810.0,8429.71,5173.98,2937.85,1,8119.94,0.0,0.0,0.0,2.76,202.94,0.0,202.94,104.07,0.0,810.0,0.0,0.0
bf_sae1006_045,period_2,2,112,0,1,810.0,7772.61,5173.98,2708.85,1,7486.77,0.0,0.0,0.0,2.76,187.12,0.0,187.12,95.96,0.0,810.0,0.0,0.0
bf_sae1006_045,period_2,2,117,0,1,810.0,8397.97,5173.98,2926.79,1,8089.35,0.0,0.0,0.0,2.76,202.17,0.0,202.17,103.68,0.0,810.0,0.0,0.0
bf_sae1006_045,period_2,2,118,0,1,810.0,7935.17,5173.98,2765.5,1,7643.41,0.0,0.0,0.0,2.76,191.03,0.0,191.03,97.97,0.0,810.0,0.0,0.0
bf_sae1006_045,period_2,2,121,0,1,810.0,8058.98,5173.98,2808.65,1,7762.71,0.0,0.0,0.0,2.76,194.01,0.0,194.01,99.49,0.0,810.0,0.0,0.0
bf_sae1006_045,period_2,2,123,0,1,810.0,7976.6,5173.98,2779.94,1,7683.33,0.0,0.0,0.0,2.76,192.03,0.0,192.03,98.48,0.0,810.0,0.0,0.0
bf_sae1006_045,period_2,2,137,0,1,810.0,8004.9,5173.98,2789.8,1,7710.6,0.0,0.0,0.0,2.76,192.71,0.0,192.71,98.83,0.0,810.0,0.0,0.0
bf_sae1006_045,period_2,2,138,0,1,810.0,7333.88,5173.98,2555.94,1,7064.02,0.0,0.0,0.0,2.76,176.56,0.0,176.56,90.54,0.0,810.0,0.0,0.0
bf_sae1006_045,period_2,2,140,0,1,810.0,8199.01,5173.98,2857.45,1,7897.64,0.0,0.0,0.0,2.76,197.38,0.0,197.38,101.22,0.0,810.0,0.0,0.0
bf_sae1006_045,period_2,2,142,0,1,810.0,7935.07,5173.98,2765.46,1,7643.31,0.0,0.0,0.0,2.76,191.03,0.0,191.03,97.96,0.0,810.0,0.0,0.0
bf_sae1006_045,period_2,2,144,0,1,810.0,8560.72,5173.98,2983.51,1,8246.18,0.0,0.0,0.0,2.76,206.09,0.0,206.09,105.69,0.0,810.0,0.0,0.0
bf_sae1006_045,period_2,2,145,0,1,810.0,8343.94,5173.98,2907.96,1,8037.29,0.0,0.0,0.0,2.76,200.87,0.0,200.87,103.01,0.0,810.0,0.0,0.0
bf_sae1006_045,period_2,2,147,0,1,810.0,7787.62,5173.98,2714.08,1,7501.23,0.0,0.0,0.0,2.76,187.48,0.0,187.48,96.14,0.0,810.0,0.0,0.0
bf_sae1006_045,period_2,2,149,0,1,810.0,8069.45,5173.98,2812.3,1,7772.8,0.0,0.0,0.0,2.76,194.26,0.0,194.26,99.62,0.0,810.0,0.0,0.0
bf_sae1006_045,period_2,2,152,0,1,810.0,7849.27,5173.98,2735.56,1,7560.64,0.0,0.0,0.0,2.76,188.96,0.0,188.96,96.9,0.0,810.0,0.0,0.0
bf_sae1006_045,period_2,2,158,0,1,810.0,8164.37,5173.98,2845.38,1,7864.26,0.0,0.0,0.0,2.76,196.55,0.0,196.55,100.79,0.0,810.0,0.0,0.0
bf_sae1006_045,period_2,2,160,0,1,810.0,8253.99,5173.98,2876.61,1,7950.62,0.0,0.0,0.0,2.76,198.71,0.0,198.71,101.9,0.0,810.0,0.0,0.0
bf_sae1006_045,period_2,2,166,0,1,810.0,5630.53,5173.98,1962.31,1,5627.66,0.0,0.0,0.0,2.87,0.0,0.0,0.0,0.0,0.0,810.0,0.0,0.0
bf_sae1006_045,period_2,2,176,0,1,810.0,6398.33,5173.98,2229.89,1,6395.46,0.0,0.0,0.0,2.87,0.0,0.0,0.0,0.0,0.0,810.0,0.0,0.0
bf_sae1006_045,period_2,2,180,0,1,810.0,7022.03,5173.98,2447.26,1,7019.16,0.0,0.0,0.0,2.87,0.0,0.0,0.0,0.0,0.0,810.0,0.0,0.0
bf_sae1006_045,period_2,2,184,0,1,810.0,8492.56,5173.98,2959.76,1,8180.5,0.0,0.0,0.0,2.76,204.45,0.0,204.45,104.85,0.0,810.0,0.0,0.0
bf_sae1006_045,period_2,2,197,0,1,810.0,8068.21,5173.98,2811.87,1,7771.6,0.0,0.0,0.0,2.76,194.23,0.0,194.23,99.61,0.0,810.0,0.0,0.0
bf_sae1006_045,period_2,2,198,0,1,810.0,8265.6,5173.98,2880.66,1,7961.8,0.0,0.0,0.0,2.76,198.99,0.0,198.99,102.04,0.0,810.0,0.0,0.0
bf_sae1006_045,period_2,2,20,0,1,1100.0,8632.48,4947.45,2215.37,2,8295.21,0.0,0.0,0.0,3.75,255.05,0.0,255.05,78.48,0.0,1100.0,0.0,0.0
bf_sae1006_045,period_2,2,202,0,1,810.0,7892.67,5173.98,2750.69,1,7602.46,0.0,0.0,0.0,2.76,190.01,0.0,190.01,97.44,0.0,810.0,0.0,0.0
bf_sae1006_045,period_2,2,206,0,1,1250.0,8574.99,5102.73,1936.54,2,8454.0,0.0,0.0,0.0,4.37,48.02,0.0,48.02,68.6,0.0,1250.0,0.0,0.0
bf_sae1006_045,period_2,2,217,0,1,1250.0,9684.03,5102.73,2187.0,3,9501.5,0.0,0.0,0.0,4.35,100.71,0.0,100.71,77.47,0.0,1250.0,0.0,0.0
bf_sae1006_045,period_2,2,223,0,1,1250.0,9182.36,5102.73,2073.7,2,9053.11,0.0,0.0,0.0,4.37,51.42,0.0,51.42,73.46,0.0,1250.0,0.0,0.0
bf_sae1006_045,period_2,2,224,0,1,1250.0,10008.67,5102.73,2260.31,3,9820.16,0.0,0.0,0.0,4.35,104.09,0.0,104.09,80.07,0.0,1250.0,0.0,0.0
bf_sae1006_045,period_2,2,238,0,1,1250.0,9038.83,5102.73,2041.29,2,8911.53,0.0,0.0,0.0,4.37,50.62,0.0,50.62,72.31,0.0,1250.0,0.0,0.0
bf_sae1006_045,period_2,2,240,0,1,1250.0,7582.46,5102.73,1712.39,2,7414.35,0.0,0.0,0.0,4.33,103.12,0.0,103.12,60.66,0.0,1250.0,0.0,0.0
bf_sae1006_045,period_2,2,253,0,1,1250.0,8940.67,5102.73,2019.12,2,8673.6,141.11,141.11,0.0,4.37,50.07,0.0,50.07,71.53,0.0,1250.0,0.0,0.0
bf_sae1006_045,period_2,2,258,0,1,1250.0,8443.83,5102.73,1906.92,2,8257.11,0.0,0.0,0.0,4.33,114.84,0.0,114.84,67.55,0.0,1250.0,0.0,0.0
bf_sae1006_045,period_2,2,265,0,1,1250.0,8849.25,5102.73,1998.48,2,8724.53,0.0,0.0,0.0,4.37,49.56,0.0,49.56,70.79,0.0,1250.0,0.0,0.0
bf_sae1006_045,period_2,2,275,0,1,1250.0,9385.4,5102.73,2119.56,2,9058.27,0.0,0.0,0.0,4.28,247.77,0.0,247.77,75.08,0.0,1250.0,0.0,0.0
bf_sae1006_045,period_2,2,284,0,1,1250.0,10148.17,5102.73,2291.82,2,10005.79,0.0,0.0,0.0,4.37,56.83,0.0,56.83,81.19,0.0,1250.0,0.0,0.0
bf_sae1006_045,period_2,2,294,0,1,1250.0,9812.88,5102.73,2216.1,2,9674.62,0.44,0.0,0.44,4.37,54.95,0.0,54.95,78.5,0.0,1250.0,0.0,0.0
bf_sae1006_045,period_2,2,55,0,1,1100.0,7209.37,4947.45,1850.15,2,7086.58,14.09,14.09,0.0,3.84,39.32,0.0,39.32,65.54,0.0,1100.0,0.0,0.0
bf_sae1006_045,period_2,2,57,0,1,1100.0,7383.69,4947.45,1894.89,2,7272.45,0.0,0.0,0.0,3.84,40.27,0.0,40.27,67.12,0.0,1100.0,0.0,0.0
bf_sae1006_045,period_2,2,6,0,1,1100.0,9176.13,4947.45,2354.88,2,8817.85,0.0,0.0,0.0,3.75,271.11,0.0,271.11,83.42,0.0,1100.0,0.0,0.0
bf_sae1006_045,period_2,2,64,0,1,1100.0,7268.8,4947.45,1865.4,2,7133.58,25.65,25.65,0.0,3.84,39.65,0.0,39.65,66.08,0.0,1100.0,0.0,0.0
bf_sae1006_045,period_2,2,70,0,1,1100.0,6773.12,4947.45,1738.19,2,6572.3,0.0,0.0,0.0,3.78,135.46,0.0,135.46,61.57,0.0,1100.0,0.0,0.0
bf_sae1006_045,period_2,2,87,0,1,1100.0,8238.16,4947.45,2114.17,2,6447.34,1420.12,1419.9,0.22,3.72,292.08,0.0,292.08,74.89,0.0,1100.0,0.0,0.0
bf_sae1006_045,period_2,2,96,0,1,1100.0,9069.31,4947.45,2327.47,2,8705.1,10.06,5.66,4.4,3.75,267.96,0.0,267.96,82.45,0.0,1100.0,0.0,0.0
bf_sae1006_045,period_2,2,97,0,1,810.0,7778.89,5173.98,2711.03,1,7492.82,0.0,0.0,0.0,2.76,187.27,0.0,187.27,96.04,0.0,810.0,0.0,0.0
bf_sae1006_045,period_2,2,98,0,1,810.0,8626.33,5173.98,3006.38,1,8309.4,0.0,0.0,0.0,2.76,207.67,0.0,207.67,106.5,0.0,810.0,0.0,0.0
bf_sae1006_045,period_2,2,298,1,1,277.0,315.89,4947.45,321.93,1,314.91,0.0,0.0,0.0,0.98,0.0,0.0,0.0,0.0,0.0,277.0,0.0,0.98
bf_sae1006_045,period_2,2,299,1,1,534.0,36.72,4947.45,19.41,1,34.83,0.0,0.0,0.0,1.89,0.0,0.0,0.0,0.0,0.0,534.0,0.0,1.89
bf_sae1006_045,period_2,2,300,1,1,550.0,15.18,4947.45,7.79,1,13.23,0.0,0.0,0.0,1.95,0.0,0.0,0.0,0.0,0.0,550.0,0.0,1.95
bf_sae1006_045,period_2,2,301,1,1,726.0,88.18,4947.45,34.29,1,85.61,0.0,0.0,0.0,2.57,0.0,0.0,0.0,0.0,0.0,726.0,0.0,2.57
bf_sae1006_045,period_2,2,302,1,1,810.0,16.12,5173.98,5.62,1,13.16,0.09,0.0,0.09,2.87,0.0,0.0,0.0,0.0,0.0,810.0,0.0,2.96
bf_sae1006_045,period_2,2,303,1,1,325.0,764.29,5102.73,663.86,1,763.14,0.0,0.0,0.0,1.15,0.0,0.0,0.0,0.0,0.0,325.0,0.0,1.15
bf_sae1006_045,period_2,2,304,1,1,560.0,1052.08,5102.73,530.35,1,1050.1,0.0,0.0,0.0,1.98,0.0,0.0,0.0,0.0,0.0,560.0,0.0,1.98
bf_sae1006_045,period_3,3,102,0,1,810.0,8652.32,5173.98,3015.43,1,8334.44,0.0,0.0,0.0,2.76,208.3,0.0,208.3,106.82,0.0,810.0,0.0,0.0
bf_sae1006_045,period_3,3,106,0,1,810.0,5590.46,5173.98,1542.32,1,3963.94,0.0,0.0,0.0,2.57,404.3,0.0,404.3,54.64,1165.01,810.0,406.02,0.0
bf_sae1006_045,period_3,3,111,0,1,810.0,8429.71,5173.98,2937.85,1,8119.94,0.0,0.0,0.0,2.76,202.94,0.0,202.94,104.07,0.0,810.0,0.0,0.0
bf_sae1006_045,period_3,3,117,0,1,810.0,8397.97,5173.98,2926.79,1,8089.35,0.0,0.0,0.0,2.76,202.17,0.0,202.17,103.68,0.0,810.0,0.0,0.0
bf_sae1006_045,period_3,3,118,0,1,810.0,7935.17,5173.98,2765.5,1,7643.41,0.0,0.0,0.0,2.76,191.03,0.0,191.03,97.97,0.0,810.0,0.0,0.0
bf_sae1006_045,period_3,3,119,0,1,810.0,6764.98,5173.98,2357.67,1,6762.11,0.0,0.0,0.0,2.87,0.0,0.0,0.0,0.0,0.0,810.0,0.0,0.0
bf_sae1006_045,period_3,3,121,0,1,810.0,8058.98,5173.98,2808.65,1,7762.71,0.0,0.0,0.0,2.76,194.01,0.0,194.01,99.49,0.0,810.0,0.0,0.0
bf_sae1006_045,period_3,3,123,0,1,810.0,7976.6,5173.98,2779.94,1,7683.33,0.0,0.0,0.0,2.76,192.03,0.0,192.03,98.48,0.0,810.0,0.0,0.0
bf_sae1006_045,period_3,3,133,0,1,810.0,7463.15,5173.98,2601.0,1,7188.58,0.0,0.0,0.0,2.76,179.67,0.0,179.67,92.14,0.0,810.0,0.0,0.0
bf_sae1006_045,period_3,3,137,0,1,810.0,8004.9,5173.98,2789.8,1,7710.6,0.0,0.0,0.0,2.76,192.71,0.0,192.71,98.83,0.0,810.0,0.0,0.0
bf_sae1006_045,period_3,3,140,0,1,810.0,8199.01,5173.98,2857.45,1,7897.64,0.0,0.0,0.0,2.76,197.38,0.0,197.38,101.22,0.0,810.0,0.0,0.0
bf_sae1006_045,period_3,3,142,0,1,810.0,7935.07,5173.98,2765.46,1,7643.31,0.0,0.0,0.0,2.76,191.03,0.0,191.03,97.96,0.0,810.0,0.0,0.0
bf_sae1006_045,period_3,3,144,0,1,810.0,8560.72,5173.98,2983.51,1,8246.18,0.0,0.0,0.0,2.76,206.09,0.0,206.09,105.69,0.0,810.0,0.0,0.0
bf_sae1006_045,period_3,3,145,0,1,810.0,8343.94,5173.98,2907.96,1,8037.29,0.0,0.0,0.0,2.76,200.87,0.0,200.87,103.01,0.0,810.0,0.0,0.0
bf_sae1006_045,period_3,3,147,0,1,810.0,7787.62,5173.98,2714.08,1,7501.23,0.0,0.0,0.0,2.76,187.48,0.0,187.48,96.14,0.0,810.0,0.0,0.0
bf_sae1006_045,period_3,3,149,0,1,810.0,8069.45,5173.98,2812.3,1,7772.8,0.0,0.0,0.0,2.76,194.26,0.0,194.26,99.62,0.0,810.0,0.0,0.0
bf_sae1006_045,period_3,3,151,0,1,810.0,7584.96,5173.98,2643.45,1,7305.95,0.0,0.0,0.0,2.76,182.6,0.0,182.6,93.64,0.0,810.0,0.0,0.0
bf_sae1006_045,period_3,3,158,0,1,810.0,8164.37,5173.98,2845.38,1,7864.26,0.0,0.0,0.0,2.76,196.55,0.0,196.55,100.79,0.0,810.0,0.0,0.0
bf_sae1006_045,period_3,3,160,0,1,810.0,8253.99,5173.98,2876.61,1,7950.62,0.0,0.0,0.0,2.76,198.71,0.0,198.71,101.9,0.0,810.0,0.0,0.0
bf_sae1006_045,period_3,3,182,0,1,810.0,6705.02,5173.98,2336.78,1,6458.06,0.0,0.0,0.0,2.76,161.42,0.0,161.42,82.78,0.0,810.0,0.0,0.0
bf_sae1006_045,period_3,3,183,0,1,810.0,6247.75,5173.98,2177.41,1,6017.44,0.0,0.0,0.0,2.76,150.41,0.0,150.41,77.13,0.0,810.0,0.0,0.0
bf_sae1006_045,period_3,3,184,0,1,810.0,8492.56,5173.98,2959.76,1,8180.5,0.0,0.0,0.0,2.76,204.45,0.0,204.45,104.85,0.0,810.0,0.0,0.0
bf_sae1006_045,period_3,3,189,0,1,810.0,6941.16,5173.98,2419.08,1,6938.29,0.0,0.0,0.0,2.87,0.0,0.0,0.0,0.0,0.0,810.0,0.0,0.0
bf_sae1006_045,period_3,3,190,0,1,810.0,7533.94,5173.98,2625.67,1,7256.79,0.0,0.0,0.0,2.76,181.37,0.0,181.37,93.01,0.0,810.0,0.0,0.0
bf_sae1006_045,period_3,3,191,0,1,810.0,7635.68,5173.98,2661.12,1,7354.83,0.0,0.0,0.0,2.76,183.82,0.0,183.82,94.27,0.0,810.0,0.0,0.0
bf_sae1006_045,period_3,3,194,0,1,810.0,6902.77,5173.98,2405.7,1,6898.5,1.4,0.0,1.4,2.87,0.0,0.0,0.0,0.0,0.0,810.0,0.0,0.0
bf_sae1006_045,period_3,3,197,0,1,810.0,8068.21,5173.98,2811.87,1,7771.6,0.0,0.0,0.0,2.76,194.23,0.0,194.23,99.61,0.0,810.0,0.0,0.0
bf_sae1006_045,period_3,3,198,0,1,810.0,8265.6,5173.98,2880.66,1,7961.8,0.0,0.0,0.0,2.76,198.99,0.0,198.99,102.04,0.0,810.0,0.0,0.0
bf_sae1006_045,period_3,3,202,0,1,810.0,7892.67,5173.98,2750.69,1,7602.46,0.0,0.0,0.0,2.76,190.01,0.0,190.01,97.44,0.0,810.0,0.0,0.0
bf_sae1006_045,period_3,3,211,0,1,1250.0,9821.87,5102.73,2218.13,2,9683.92,0.0,0.0,0.0,4.37,55.0,0.0,55.0,78.57,0.0,1250.0,0.0,0.0
bf_sae1006_045,period_3,3,214,0,1,1250.0,9647.75,5102.73,2178.81,2,9499.67,12.5,12.5,0.0,4.37,54.03,0.0,54.03,77.18,0.0,1250.0,0.0,0.0
bf_sae1006_045,period_3,3,217,0,1,1250.0,9684.03,5102.73,2187.0,2,9547.96,0.0,0.0,0.0,4.37,54.23,0.0,54.23,77.47,0.0,1250.0,0.0,0.0
bf_sae1006_045,period_3,3,224,0,1,1250.0,10008.67,5102.73,2260.31,2,9803.21,64.98,64.98,0.0,4.37,56.05,0.0,56.05,80.07,0.0,1250.0,0.0,0.0
bf_sae1006_045,period_3,3,23,0,1,1100.0,8418.67,4947.45,2160.49,2,8089.2,0.45,0.0,0.45,3.75,248.73,0.0,248.73,76.53,0.0,1100.0,0.0,0.0
bf_sae1006_045,period_3,3,248,0,1,1250.0,6887.18,5102.73,1555.37,3,6756.11,0.0,0.0,0.0,4.35,71.63,0.0,71.63,55.1,0.0,1250.0,0.0,0.0
bf_sae1006_045,period_3,3,249,0,1,1250.0,7036.21,5102.73,1589.03,4,6614.52,158.5,158.5,0.0,4.27,202.64,0.0,202.64,56.29,0.0,1250.0,0.0,0.0
bf_sae1006_045,period_3,3,259,0,1,1250.0,7680.91,5102.73,1734.62,3,7535.23,0.0,0.0,0.0,4.35,79.88,0.0,79.88,61.45,0.0,1250.0,0.0,0.0
bf_sae1006_045,period_3,3,266,0,1,1250.0,9615.49,5102.73,2171.52,2,9480.35,0.0,0.0,0.0,4.37,53.85,0.0,53.85,76.92,0.0,1250.0,0.0,0.0
bf_sae1006_045,period_3,3,27,0,1,1100.0,8403.41,4947.45,2156.58,2,8074.99,0.0,0.0,0.0,3.75,248.28,0.0,248.28,76.39,0.0,1100.0,0.0,0.0
bf_sae1006_045,period_3,3,270,0,1,1250.0,8233.36,5102.73,1859.39,2,8117.02,0.0,0.0,0.0,4.37,46.11,0.0,46.11,65.87,0.0,1250.0,0.0,0.0
bf_sae1006_045,period_3,3,284,0,1,1250.0,10148.17,5102.73,2291.82,2,9924.64,0.0,0.0,0.0,4.33,138.02,0.0,138.02,81.19,0.0,1250.0,0.0,0.0
bf_sae1006_045,period_3,3,287,0,1,1250.0,9413.5,5102.73,2125.9,2,9281.11,0.0,0.0,0.0,4.37,52.72,0.0,52.72,75.31,0.0,1250.0,0.0,0.0
bf_sae1006_045,period_3,3,294,0,1,1250.0,9812.88,5102.73,2216.1,2,9675.06,0.0,0.0,0.0,4.37,54.95,0.0,54.95,78.5,0.0,1250.0,0.0,0.0
bf_sae1006_045,period_3,3,295,0,1,1250.0,8678.75,5102.73,1959.97,2,8486.96,0.0,0.0,0.0,4.33,118.03,0.0,118.03,69.43,0.0,1250.0,0.0,0.0
bf_sae1006_045,period_3,3,297,0,1,1250.0,9101.03,5102.73,2055.34,2,8972.89,0.0,0.0,0.0,4.37,50.97,0.0,50.97,72.81,0.0,1250.0,0.0,0.0
bf_sae1006_045,period_3,3,36,0,1,1100.0,8573.73,4947.45,2200.29,2,8445.18,0.0,0.0,0.0,3.84,46.77,0.0,46.77,77.94,0.0,1100.0,0.0,0.0
bf_sae1006_045,period_3,3,38,0,1,1100.0,8953.94,4947.45,2297.86,2,8819.86,0.0,0.0,0.0,3.84,48.84,0.0,48.84,81.4,0.0,1100.0,0.0,0.0
bf_sae1006_045,period_3,3,5,0,1,1100.0,8444.41,4947.45,2167.1,2,8114.4,0.0,0.0,0.0,3.75,249.49,0.0,249.49,76.77,0.0,1100.0,0.0,0.0
bf_sae1006_045,period_3,3,52,0,1,1100.0,8414.3,4947.45,2159.37,2,8085.46,0.0,0.0,0.0,3.75,248.6,0.0,248.6,76.49,0.0,1100.0,0.0,0.0
bf_sae1006_045,period_3,3,7,0,1,1100.0,6939.65,4947.45,1780.93,3,6857.18,2.91,0.0,2.91,3.85,12.62,0.0,12.62,63.09,0.0,1100.0,0.0,0.0
bf_sae1006_045,period_3,3,70,0,1,1100.0,6773.12,4947.45,1738.19,2,6572.3,0.0,0.0,0.0,3.78,135.46,0.0,135.46,61.57,0.0,1100.0,0.0,0.0
bf_sae1006_045,period_3,3,72,0,1,1100.0,7350.99,4947.45,1886.49,3,6997.92,269.02,269.02,0.0,3.85,13.37,0.0,13.37,66.83,0.0,1100.0,0.0,0.0
bf_sae1006_045,period_3,3,76,0,1,1100.0,8599.27,4947.45,2206.84,2,8470.35,0.0,0.0,0.0,3.84,46.91,0.0,46.91,78.18,0.0,1100.0,0.0,0.0
bf_sae1006_045,period_3,3,98,0,1,810.0,8626.33,5173.98,3006.38,1,8309.4,0.0,0.0,0.0,2.76,207.67,0.0,207.67,106.5,0.0,810.0,0.0,0.0
bf_sae1006_045,period_3,3,298,1,1,550.0,14.09,4947.45,7.23,1,10.31,1.83,0.0,1.83,1.95,0.0,0.0,0.0,0.0,0.0,550.0,0.0,3.78
bf_sae1006_045,period_3,3,299,1,1,534.0,25.65,4947.45,13.56,1,23.76,0.0,0.0,0.0,1.89,0.0,0.0,0.0,0.0,0.0,534.0,0.0,1.89
bf_sae1006_045,period_3,3,300,1,1,726.0,1419.9,4947.45,552.11,1,1417.33,0.0,0.0,0.0,2.57,0.0,0.0,0.0,0.0,0.0,726.0,0.0,2.57
bf_sae1006_045,period_3,3,301,1,1,277.0,5.66,4947.45,5.77,1,4.68,0.0,0.0,0.0,0.98,0.0,0.0,0.0,0.0,0.0,277.0,0.0,0.98
bf_sae1006_045,period_3,3,302,1,1,560.0,141.11,5102.73,71.13,1,139.13,0.0,0.0,0.0,1.98,0.0,0.0,0.0,0.0,0.0,560.0,0.0,1.98
bf_sae1006_045,period_4,4,102,0,1,810.0,8652.32,5173.98,3015.43,1,8334.44,0.0,0.0,0.0,2.76,208.3,0.0,208.3,106.82,0.0,810.0,0.0,0.0
bf_sae1006_045,period_4,4,109,0,1,810.0,7204.75,5173.98,2510.94,1,6939.59,0.0,0.0,0.0,2.76,173.45,0.0,173.45,88.95,0.0,810.0,0.0,0.0
bf_sae1006_045,period_4,4,111,0,1,810.0,8429.71,5173.98,2937.85,1,8119.94,0.0,0.0,0.0,2.76,202.94,0.0,202.94,104.07,0.0,810.0,0.0,0.0
bf_sae1006_045,period_4,4,117,0,1,810.0,8397.97,5173.98,2926.79,1,8089.35,0.0,0.0,0.0,2.76,202.17,0.0,202.17,103.68,0.0,810.0,0.0,0.0
bf_sae1006_045,period_4,4,121,0,1,810.0,8058.98,5173.98,2808.65,1,7762.71,0.0,0.0,0.0,2.76,194.01,0.0,194.01,99.49,0.0,810.0,0.0,0.0
bf_sae1006_045,period_4,4,140,0,1,810.0,8199.01,5173.98,2857.45,1,7897.64,0.0,0.0,0.0,2.76,197.38,0.0,197.38,101.22,0.0,810.0,0.0,0.0
bf_sae1006_045,period_4,4,145,0,1,810.0,8343.94,5173.98,2907.96,1,8037.29,0.0,0.0,0.0,2.76,200.87,0.0,200.87,103.01,0.0,810.0,0.0,0.0
bf_sae1006_045,period_4,4,149,0,1,810.0,8069.45,5173.98,2812.3,1,8066.58,0.0,0.0,0.0,2.87,0.0,0.0,0.0,0.0,0.0,810.0,0.0,0.0
bf_sae1006_045,period_4,4,152,0,1,810.0,7849.27,5173.98,2735.56,1,7560.64,0.0,0.0,0.0,2.76,188.96,0.0,188.96,96.9,0.0,810.0,0.0,0.0
bf_sae1006_045,period_4,4,158,0,1,810.0,8164.37,5173.98,2845.38,1,7864.26,0.0,0.0,0.0,2.76,196.55,0.0,196.55,100.79,0.0,810.0,0.0,0.0
bf_sae1006_045,period_4,4,160,0,1,810.0,8253.99,5173.98,2876.61,1,7950.62,0.0,0.0,0.0,2.76,198.71,0.0,198.71,101.9,0.0,810.0,0.0,0.0
bf_sae1006_045,period_4,4,171,0,1,810.0,6430.87,5173.98,2241.23,1,6428.0,0.0,0.0,0.0,2.87,0.0,0.0,0.0,0.0,0.0,810.0,0.0,0.0
bf_sae1006_045,period_4,4,175,0,1,810.0,7775.96,5173.98,2710.01,1,7490.0,0.0,0.0,0.0,2.76,187.2,0.0,187.2,96.0,0.0,810.0,0.0,0.0
bf_sae1006_045,period_4,4,184,0,1,810.0,8492.56,5173.98,2959.76,1,8180.5,0.0,0.0,0.0,2.76,204.45,0.0,204.45,104.85,0.0,810.0,0.0,0.0
bf_sae1006_045,period_4,4,197,0,1,810.0,8068.21,5173.98,2811.87,1,7771.6,0.0,0.0,0.0,2.76,194.23,0.0,194.23,99.61,0.0,810.0,0.0,0.0
bf_sae1006_045,period_4,4,205,0,1,1250.0,7053.94,5102.73,1593.03,2,6953.64,0.0,0.0,0.0,4.37,39.5,0.0,39.5,56.43,0.0,1250.0,0.0,0.0
bf_sae1006_045,period_4,4,217,0,1,1250.0,9684.03,5102.73,2187.0,2,9547.96,0.0,0.0,0.0,4.37,54.23,0.0,54.23,77.47,0.0,1250.0,0.0,0.0
bf_sae1006_045,period_4,4,225,0,1,1250.0,7228.64,5102.73,1632.48,3,7091.29,0.0,0.0,0.0,4.35,75.18,0.0,75.18,57.83,0.0,1250.0,0.0,0.0
bf_sae1006_045,period_4,4,243,0,1,1250.0,7001.03,5102.73,1581.08,2,6755.92,0.0,0.0,0.0,4.28,184.83,0.0,184.83,56.01,0.0,1250.0,0.0,0.0
bf_sae1006_045,period_4,4,26,0,1,1100.0,8511.86,4947.45,2184.41,2,8179.25,0.0,0.0,0.0,3.75,251.49,0.0,251.49,77.38,0.0,1100.0,0.0,0.0
bf_sae1006_045,period_4,4,263,0,1,1250.0,9106.32,5102.73,2056.53,2,8978.11,0.0,0.0,0.0,4.37,51.0,0.0,51.0,72.85,0.0,1250.0,0.0,0.0
bf_sae1006_045,period_4,4,271,0,1,1250.0,8715.91,5102.73,1968.36,2,8593.01,0.0,0.0,0.0,4.37,48.81,0.0,48.81,69.73,0.0,1250.0,0.0,0.0
bf_sae1006_045,period_4,4,284,0,1,1250.0,10148.17,5102.73,2291.82,2,10005.79,0.0,0.0,0.0,4.37,56.83,0.0,56.83,81.19,0.0,1250.0,0.0,0.0
bf_sae1006_045,period_4,4,287,0,1,1250.0,9413.5,5102.73,2125.9,2,9281.11,0.0,0.0,0.0,4.37,52.72,0.0,52.72,75.31,0.0,1250.0,0.0,0.0
bf_sae1006_045,period_4,4,294,0,1,1250.0,9812.88,5102.73,2216.1,2,9675.06,0.0,0.0,0.0,4.37,54.95,0.0,54.95,78.5,0.0,1250.0,0.0,0.0
bf_sae1006_045,period_4,4,30,0,1,1100.0,8931.91,4947.45,2292.21,2,8583.07,0.0,0.0,0.0,3.75,263.9,0.0,263.9,81.2,0.0,1100.0,0.0,0.0
bf_sae1006_045,period_4,4,40,0,1,1100.0,8460.11,4947.45,2171.13,2,8129.5,0.0,0.0,0.0,3.75,249.96,0.0,249.96,76.91,0.0,1100.0,0.0,0.0
bf_sae1006_045,period_4,4,50,0,1,1100.0,8837.22,4947.45,2267.91,2,8491.7,0.34,0.0,0.34,3.75,261.1,0.0,261.1,80.34,0.0,1100.0,0.0,0.0
bf_sae1006_045,period_4,4,51,0,1,1100.0,8547.0,4947.45,2193.43,2,8418.84,0.0,0.0,0.0,3.84,46.62,0.0,46.62,77.7,0.0,1100.0,0.0,0.0
bf_sae1006_045,period_4,4,53,0,1,1100.0,8417.65,4947.45,2160.23,2,8291.37,0.0,0.0,0.0,3.84,45.91,0.0,45.91,76.52,0.0,1100.0,0.0,0.0
bf_sae1006_045,period_4,4,71,0,1,1100.0,6805.29,4947.45,1746.45,2,6150.57,20.15,20.15,0.0,3.54,569.17,0.0,569.17,61.87,0.0,1100.0,0.0,0.0
bf_sae1006_045,period_4,4,85,0,1,1100.0,9133.93,4947.45,2344.05,3,9030.43,0.0,0.0,0.0,3.85,16.61,0.0,16.61,83.04,0.0,1100.0,0.0,0.0
bf_sae1006_045,period_4,4,9,0,1,1100.0,6373.95,4947.45,1635.76,2,4868.73,1217.57,1217.57,0.0,3.72,225.99,0.0,225.99,57.95,0.0,1100.0,0.0,0.0
bf_sae1006_045,period_4,4,95,0,1,1100.0,8314.41,4947.45,2133.74,2,7983.52,5.9,5.9,0.0,3.75,245.65,0.0,245.65,75.59,0.0,1100.0,0.0,0.0
bf_sae1006_045,period_4,4,96,0,1,1100.0,9069.31,4947.45,2327.47,2,8854.73,78.83,78.83,0.0,3.84,49.47,0.0,49.47,82.45,0.0,1100.0,0.0,0.0
bf_sae1006_045,period_4,4,98,0,1,810.0,8626.33,5173.98,3006.38,1,8309.4,0.0,0.0,0.0,2.76,207.67,0.0,207.67,106.5,0.0,810.0,0.0,0.0
bf_sae1006_045,period_4,4,298,1,1,534.0,269.02,4947.45,142.22,1,263.5,3.63,0.0,3.63,1.89,0.0,0.0,0.0,0.0,0.0,534.0,0.0,5.52
bf_sae1006_045,period_4,4,299,1,1,810.0,1165.01,5173.98,406.02,1,1161.1,1.04,0.0,1.04,2.87,0.0,0.0,0.0,0.0,0.0,810.0,0.0,3.91
bf_sae1006_045,period_4,4,300,1,1,673.0,12.5,5102.73,5.24,1,10.12,0.0,0.0,0.0,2.38,0.0,0.0,0.0,0.0,0.0,673.0,0.0,2.38
bf_sae1006_045,period_4,4,301,1,1,560.0,64.98,5102.73,32.76,1,62.21,0.79,0.0,0.79,1.98,0.0,0.0,0.0,0.0,0.0,560.0,0.0,2.77
bf_sae1006_045,period_4,4,302,1,1,325.0,158.5,5102.73,137.67,1,157.35,0.0,0.0,0.0,1.15,0.0,0.0,0.0,0.0,0.0,325.0,0.0,1.15
bf_sae1006_045,period_5,5,100,0,1,810.0,7717.17,5173.98,2689.52,1,7433.35,0.0,0.0,0.0,2.76,185.78,0.0,185.78,95.27,0.0,810.0,0.0,0.0
bf_sae1006_045,period_5,5,102,0,1,810.0,8652.32,5173.98,3015.43,1,8334.44,0.0,0.0,0.0,2.76,208.3,0.0,208.3,106.82,0.0,810.0,0.0,0.0
bf_sae1006_045,period_5,5,103,0,1,810.0,6524.27,5173.98,2273.78,1,6283.89,0.0,0.0,0.0,2.76,157.07,0.0,157.07,80.55,0.0,810.0,0.0,0.0
bf_sae1006_045,period_5,5,105,0,1,810.0,6672.55,5173.98,2325.46,1,6654.52,15.16,15.16,0.0,2.87,0.0,0.0,0.0,0.0,0.0,810.0,0.0,0.0
bf_sae1006_045,period_5,5,111,0,1,810.0,8429.71,5173.98,2937.85,1,8119.94,0.0,0.0,0.0,2.76,202.94,0.0,202.94,104.07,0.0,810.0,0.0,0.0
bf_sae1006_045,period_5,5,121,0,1,810.0,8058.98,5173.98,2808.65,1,7762.71,0.0,0.0,0.0,2.76,194.01,0.0,194.01,99.49,0.0,810.0,0.0,0.0
bf_sae1006_045,period_5,5,123,0,1,810.0,7976.6,5173.98,2779.94,1,7683.33,0.0,0.0,0.0,2.76,192.03,0.0,192.03,98.48,0.0,810.0,0.0,0.0
bf_sae1006_045,period_5,5,134,0,1,810.0,7603.1,5173.98,2649.77,1,7323.43,0.0,0.0,0.0,2.76,183.04,0.0,183.04,93.87,0.0,810.0,0.0,0.0
bf_sae1006_045,period_5,5,137,0,1,810.0,8004.9,5173.98,2789.8,1,7710.6,0.0,0.0,0.0,2.76,192.71,0.0,192.71,98.83,0.0,810.0,0.0,0.0
bf_sae1006_045,period_5,5,138,0,1,810.0,7333.88,5173.98,2555.94,1,7331.01,0.0,0.0,0.0,2.87,0.0,0.0,0.0,0.0,0.0,810.0,0.0,0.0
bf_sae1006_045,period_5,5,140,0,1,810.0,8199.01,5173.98,2857.45,1,7897.64,0.0,0.0,0.0,2.76,197.38,0.0,197.38,101.22,0.0,810.0,0.0,0.0
bf_sae1006_045,period_5,5,142,0,1,810.0,7935.07,5173.98,2765.46,1,7643.31,0.0,0.0,0.0,2.76,191.03,0.0,191.03,97.96,0.0,810.0,0.0,0.0
bf_sae1006_045,period_5,5,144,0,1,810.0,8560.72,5173.98,2983.51,1,8246.18,0.0,0.0,0.0,2.76,206.09,0.0,206.09,105.69,0.0,810.0,0.0,0.0
bf_sae1006_045,period_5,5,145,0,1,810.0,8343.94,5173.98,2907.96,1,8037.29,0.0,0.0,0.0,2.76,200.87,0.0,200.87,103.01,0.0,810.0,0.0,0.0
bf_sae1006_045,period_5,5,147,0,1,810.0,7787.62,5173.98,2714.08,1,7501.23,0.0,0.0,0.0,2.76,187.48,0.0,187.48,96.14,0.0,810.0,0.0,0.0
bf_sae1006_045,period_5,5,149,0,1,810.0,8069.45,5173.98,2812.3,1,7772.8,0.0,0.0,0.0,2.76,194.26,0.0,194.26,99.62,0.0,810.0,0.0,0.0
bf_sae1006_045,period_5,5,150,0,1,810.0,6413.1,5173.98,2235.04,1,6176.77,0.0,0.0,0.0,2.76,154.39,0.0,154.39,79.17,0.0,810.0,0.0,0.0
bf_sae1006_045,period_5,5,152,0,1,810.0,7849.27,5173.98,2735.56,1,7560.64,0.0,0.0,0.0,2.76,188.96,0.0,188.96,96.9,0.0,810.0,0.0,0.0
bf_sae1006_045,period_5,5,154,0,1,810.0,6258.12,5173.98,2181.03,1,6027.44,0.0,0.0,0.0,2.76,150.66,0.0,150.66,77.26,0.0,810.0,0.0,0.0
bf_sae1006_045,period_5,5,157,0,1,810.0,7607.31,5173.98,2651.24,1,7327.49,0.0,0.0,0.0,2.76,183.14,0.0,183.14,93.92,0.0,810.0,0.0,0.0
bf_sae1006_045,period_5,5,158,0,1,810.0,8164.37,5173.98,2845.38,1,7864.26,0.0,0.0,0.0,2.76,196.55,0.0,196.55,100.79,0.0,810.0,0.0,0.0
bf_sae1006_045,period_5,5,160,0,1,810.0,8253.99,5173.98,2876.61,1,7950.62,0.0,0.0,0.0,2.76,198.71,0.0,198.71,101.9,0.0,810.0,0.0,0.0
bf_sae1006_045,period_5,5,164,0,1,810.0,7370.61,5173.98,2568.74,1,7099.41,0.0,0.0,0.0,2.76,177.44,0.0,177.44,91.0,0.0,810.0,0.0,0.0
bf_sae1006_045,period_5,5,167,0,1,810.0,7034.74,5173.98,2451.69,1,6775.77,0.0,0.0,0.0,2.76,169.35,0.0,169.35,86.85,0.0,810.0,0.0,0.0
bf_sae1006_045,period_5,5,175,0,1,810.0,7775.96,5173.98,2710.01,1,7490.0,0.0,0.0,0.0,2.76,187.2,0.0,187.2,96.0,0.0,810.0,0.0,0.0
bf_sae1006_045,period_5,5,176,0,1,810.0,6398.33,5173.98,2229.89,1,6162.54,0.0,0.0,0.0,2.76,154.03,0.0,154.03,78.99,0.0,810.0,0.0,0.0
bf_sae1006_045,period_5,5,184,0,1,810.0,8492.56,5173.98,2959.76,1,8180.5,0.0,0.0,0.0,2.76,204.45,0.0,204.45,104.85,0.0,810.0,0.0,0.0
bf_sae1006_045,period_5,5,190,0,1,810.0,7533.94,5173.98,2625.67,1,7531.07,0.0,0.0,0.0,2.87,0.0,0.0,0.0,0.0,0.0,810.0,0.0,0.0
bf_sae1006_045,period_5,5,197,0,1,810.0,8068.21,5173.98,2811.87,1,7771.6,0.0,0.0,0.0,2.76,194.23,0.0,194.23,99.61,0.0,810.0,0.0,0.0
bf_sae1006_045,period_5,5,198,0,1,810.0,8265.6,5173.98,2880.66,1,7961.8,0.0,0.0,0.0,2.76,198.99,0.0,198.99,102.04,0.0,810.0,0.0,0.0
bf_sae1006_045,period_5,5,202,0,1,810.0,7892.67,5173.98,2750.69,1,7602.46,0.0,0.0,0.0,2.76,190.01,0.0,190.01,97.44,0.0,810.0,0.0,0.0
bf_sae1006_045,period_5,5,207,0,1,1250.0,7768.36,5102.73,1754.37,2,7496.85,0.0,0.0,0.0,4.28,205.08,0.0,205.08,62.15,0.0,1250.0,0.0,0.0
bf_sae1006_045,period_5,5,211,0,1,1250.0,9821.87,5102.73,2218.13,3,9636.8,0.0,0.0,0.0,4.35,102.15,0.0,102.15,78.57,0.0,1250.0,0.0,0.0
bf_sae1006_045,period_5,5,212,0,1,1250.0,9144.93,5102.73,2065.25,2,9011.09,5.1,0.0,5.1,4.37,51.21,0.0,51.21,73.16,0.0,1250.0,0.0,0.0
bf_sae1006_045,period_5,5,214,0,1,1250.0,9647.75,5102.73,2178.81,2,9512.17,0.0,0.0,0.0,4.37,54.03,0.0,54.03,77.18,0.0,1250.0,0.0,0.0
bf_sae1006_045,period_5,5,217,0,1,1250.0,9684.03,5102.73,2187.0,2,9547.96,0.0,0.0,0.0,4.37,54.23,0.0,54.23,77.47,0.0,1250.0,0.0,0.0
bf_sae1006_045,period_5,5,220,0,1,1250.0,8244.04,5102.73,1861.8,2,8061.64,0.0,0.0,0.0,4.33,112.12,0.0,112.12,65.95,0.0,1250.0,0.0,0.0
bf_sae1006_045,period_5,5,231,0,1,1250.0,8444.78,5102.73,1907.13,3,8285.05,0.0,0.0,0.0,4.35,87.83,0.0,87.83,67.56,0.0,1250.0,0.0,0.0
bf_sae1006_045,period_5,5,248,0,1,1250.0,6887.18,5102.73,1555.37,2,6645.99,0.0,0.0,0.0,4.28,181.82,0.0,181.82,55.1,0.0,1250.0,0.0,0.0
bf_sae1006_045,period_5,5,260,0,1,1250.0,8080.82,5102.73,1824.94,2,7798.56,0.0,0.0,0.0,4.28,213.33,0.0,213.33,64.65,0.0,1250.0,0.0,0.0
bf_sae1006_045,period_5,5,261,0,1,1250.0,9249.69,5102.73,2088.91,2,9119.53,0.0,0.0,0.0,4.37,51.8,0.0,51.8,74.0,0.0,1250.0,0.0,0.0
bf_sae1006_045,period_5,5,265,0,1,1250.0,8849.25,5102.73,1998.48,2,8712.61,11.92,11.92,0.0,4.37,49.56,0.0,49.56,70.79,0.0,1250.0,0.0,0.0
bf_sae1006_045,period_5,5,266,0,1,1250.0,9615.49,5102.73,2171.52,2,9480.35,0.0,0.0,0.0,4.37,53.85,0.0,53.85,76.92,0.0,1250.0,0.0,0.0
bf_sae1006_045,period_5,5,275,0,1,1250.0,9385.4,5102.73,2119.56,3,9147.59,60.77,60.77,0.0,4.35,97.61,0.0,97.61,75.08,0.0,1250.0,0.0,0.0
bf_sae1006_045,period_5,5,284,0,1,1250.0,10148.17,5102.73,2291.82,2,10005.79,0.0,0.0,0.0,4.37,56.83,0.0,56.83,81.19,0.0,1250.0,0.0,0.0
bf_sae1006_045,period_5,5,289,0,1,1250.0,6691.16,5102.73,1511.1,2,6530.38,11.92,11.92,0.0,4.33,91.0,0.0,91.0,53.53,0.0,1250.0,0.0,0.0
bf_sae1006_045,period_5,5,294,0,1,1250.0,9812.88,5102.73,2216.1,2,9675.06,0.0,0.0,0.0,4.37,54.95,0.0,54.95,78.5,0.0,1250.0,0.0,0.0
bf_sae1006_045,period_5,5,51,0,1,1100.0,8547.0,4947.45,2193.43,2,8399.14,19.7,18.59,1.11,3.84,46.62,0.0,46.62,77.7,0.0,1100.0,0.0,0.0
bf_sae1006_045,period_5,5,53,0,1,1100.0,8417.65,4947.45,2160.23,2,8088.68,0.0,0.0,0.0,3.75,248.7,0.0,248.7,76.52,0.0,1100.0,0.0,0.0
bf_sae1006_045,period_5,5,55,0,1,1100.0,7209.37,4947.45,1850.15,2,6927.08,0.0,0.0,0.0,3.75,213.0,0.0,213.0,65.54,0.0,1100.0,0.0,0.0
bf_sae1006_045,period_5,5,6,0,1,1100.0,9176.13,4947.45,2354.88,3,9060.24,11.93,11.93,0.0,3.85,16.68,0.0,16.68,83.42,0.0,1100.0,0.0,0.0
bf_sae1006_045,period_5,5,62,0,1,1100.0,8247.04,4947.45,2116.45,2,8123.24,0.0,0.0,0.0,3.84,44.98,0.0,44.98,74.97,0.0,1100.0,0.0,0.0
bf_sae1006_045,period_5,5,69,0,1,1100.0,8103.78,4947.45,2079.68,2,7786.93,0.0,0.0,0.0,3.75,239.43,0.0,239.43,73.67,0.0,1100.0,0.0,0.0
bf_sae1006_045,period_5,5,70,0,1,1100.0,6773.12,4947.45,1738.19,2,6378.54,89.15,89.15,0.0,3.72,240.14,0.0,240.14,61.57,0.0,1100.0,0.0,0.0
bf_sae1006_045,period_5,5,8,0,1,1100.0,9609.36,4947.45,2466.06,2,9465.75,0.0,0.0,0.0,3.84,52.41,0.0,52.41,87.36,0.0,1100.0,0.0,0.0
bf_sae1006_045,period_5,5,9,0,1,1100.0,6373.95,4947.45,1245.78,2,4634.4,0.0,0.0,0.0,3.72,172.11,0.0,172.11,44.13,1519.58,1100.0,389.97,0.0
bf_sae1006_045,period_5,5,91,0,1,1100.0,7929.97,4947.45,2035.08,2,7618.07,1.77,0.0,1.77,3.75,234.29,0.0,234.29,72.09,0.0,1100.0,0.0,0.0
bf_sae1006_045,period_5,5,96,0,1,1100.0,9069.31,4947.45,2327.47,3,8966.52,0.0,0.0,0.0,3.85,16.49,0.0,16.49,82.45,0.0,1100.0,0.0,0.0
bf_sae1006_045,period_5,5,97,0,1,810.0,7778.89,5173.98,2711.03,1,7492.82,0.0,0.0,0.0,2.76,187.27,0.0,187.27,96.04,0.0,810.0,0.0,0.0
bf_sae1006_045,period_5,5,98,0,1,810.0,8626.33,5173.98,3006.38,1,8309.4,0.0,0.0,0.0,2.76,207.67,0.0,207.67,106.5,0.0,810.0,0.0,0.0
bf_sae1006_045,period_5,5,298,1,1,726.0,42.53,4947.45,16.54,1,39.96,0.0,0.0,0.0,2.57,0.0,0.0,0.0,0.0,0.0,726.0,0.0,2.57
bf_sae1006_045,period_5,5,299,1,1,325.0,1175.04,4947.45,1020.64,1,1173.89,0.0,0.0,0.0,1.15,0.0,0.0,0.0,0.0,0.0,325.0,0.0,1.15
bf_sae1006_045,period_5,5,300,1,1,673.0,20.15,4947.45,8.45,1,17.77,0.0,0.0,0.0,2.38,0.0,0.0,0.0,0.0,0.0,673.0,0.0,2.38
bf_sae1006_045,period_5,5,301,1,1,277.0,5.9,4947.45,6.01,1,4.92,0.0,0.0,0.0,0.98,0.0,0.0,0.0,0.0,0.0,277.0,0.0,0.98
bf_sae1006_045,period_5,5,302,1,1,550.0,78.83,4947.45,40.46,1,76.88,0.0,0.0,0.0,1.95,0.0,0.0,0.0,0.0,0.0,550.0,0.0,1.95
bf_sae1006_050,period_1,1,1,0,1,1200.0,8758.05,5164.94,1854.26,5,8581.91,0.0,0.0,0.0,4.63,98.53,0.0,98.53,72.98,0.0,1200.0,0.0,0.0
bf_sae1006_050,period_1,1,3,0,1,1200.0,7815.78,5164.94,722.73,8,3319.41,0.0,0.0,0.0,4.6,61.16,0.0,61.16,28.45,4402.17,1200.0,932.03,0.0
bf_sae1006_050,period_1,1,5,0,1,1200.0,8920.81,5164.94,1888.72,5,8741.48,0.0,0.0,0.0,4.63,100.36,0.0,100.36,74.34,0.0,1200.0,0.0,0.0
bf_sae1006_050,period_1,1,6,0,1,1200.0,8903.34,5164.94,1373.84,5,6357.21,0.0,0.0,0.0,4.63,73.0,0.0,73.0,54.07,2414.43,1200.0,511.18,0.0
bf_sae1006_050,period_2,2,1,0,1,1200.0,8758.05,5164.94,1854.26,5,8581.91,0.0,0.0,0.0,4.63,98.53,0.0,98.53,72.98,0.0,1200.0,0.0,0.0
bf_sae1006_050,period_2,2,3,0,1,1200.0,7815.78,5164.94,616.02,8,2828.62,0.0,0.0,0.0,4.6,52.13,0.0,52.13,24.25,4906.19,1200.0,1038.74,0.0
bf_sae1006_050,period_2,2,6,0,1,1200.0,8903.34,5164.94,1683.83,5,7792.7,0.0,0.0,0.0,4.63,89.47,0.0,89.47,66.28,950.26,1200.0,201.19,0.0
bf_sae1006_050,period_2,2,7,1,1,1200.0,4402.17,5164.94,932.03,5,4311.33,0.0,0.0,0.0,4.63,49.52,0.0,49.52,36.68,0.0,1200.0,0.0,90.84
bf_sae1006_050,period_2,2,8,1,1,1200.0,2414.43,5164.94,511.19,5,2362.52,0.0,0.0,0.0,4.63,27.16,0.0,27.16,20.12,0.0,1200.0,0.0,51.91
bf_sae1006_050,period_3,3,1,0,1,1200.0,8758.05,5164.94,1854.26,5,8581.91,0.0,0.0,0.0,4.63,98.53,0.0,98.53,72.98,0.0,1200.0,0.0,0.0
bf_sae1006_050,period_3,3,3,0,1,1200.0,7815.78,5164.94,1654.76,5,6387.57,1270.52,1270.52,0.0,4.63,87.93,0.0,87.93,65.13,0.0,1200.0,0.0,0.0
bf_sae1006_050,period_3,3,6,0,1,1200.0,8903.34,5164.94,1885.02,5,8724.35,0.0,0.0,0.0,4.63,100.16,0.0,100.16,74.19,0.0,1200.0,0.0,0.0
bf_sae1006_050,period_3,3,7,1,1,1200.0,4906.19,5164.94,1038.74,5,4805.48,0.0,0.0,0.0,4.63,55.19,0.0,55.19,40.88,0.0,1200.0,0.0,100.71
bf_sae1006_050,period_3,3,8,1,1,1200.0,950.26,5164.94,201.19,8,920.72,0.0,0.0,0.0,4.6,17.03,0.0,17.03,7.92,0.0,1200.0,0.0,29.54
bf_sae1006_050,period_4,4,1,0,1,1200.0,8758.05,5164.94,1854.26,5,8228.73,353.18,353.18,0.0,4.63,98.53,0.0,98.53,72.98,0.0,1200.0,0.0,0.0
bf_sae1006_050,period_4,4,3,0,1,1200.0,7815.78,5164.94,1164.78,8,5352.5,0.0,0.0,0.0,4.6,98.57,0.0,98.57,45.85,2314.27,1200.0,489.98,0.0
bf_sae1006_050,period_4,4,6,0,1,1200.0,8903.34,5164.94,1885.02,5,8724.35,0.0,0.0,0.0,4.63,100.16,0.0,100.16,74.19,0.0,1200.0,0.0,0.0
bf_sae1006_050,period_4,4,7,1,1,430.0,1258.88,5164.94,743.81,1,1257.19,0.0,0.0,0.0,1.69,0.0,0.0,0.0,0.0,0.0,430.0,0.0,1.69
bf_sae1006_050,period_4,4,8,1,1,105.5,11.64,5164.94,28.03,1,11.22,0.0,0.0,0.0,0.42,0.0,0.0,0.0,0.0,0.0,105.5,0.0,0.42
bf_sae1006_050,period_5,5,1,0,1,1200.0,8758.05,5164.94,1854.26,5,8503.6,78.31,78.31,0.0,4.63,98.53,0.0,98.53,72.98,0.0,1200.0,0.0,0.0
bf_sae1006_050,period_5,5,3,0,1,1200.0,7815.78,5164.94,1654.76,8,7209.91,396.1,396.1,0.0,4.6,140.03,0.0,140.03,65.13,0.0,1200.0,0.0,0.0
bf_sae1006_050,period_5,5,4,0,1,1200.0,10960.97,5164.94,2320.67,5,10741.69,0.0,0.0,0.0,4.63,123.31,0.0,123.31,91.34,0.0,1200.0,0.0,0.0
bf_sae1006_050,period_5,5,6,0,1,1200.0,8903.34,5164.94,1885.02,5,7939.94,784.41,784.41,0.0,4.63,100.16,0.0,100.16,74.19,0.0,1200.0,0.0,0.0
bf_sae1006_050,period_5,5,7,1,1,430.0,353.18,5164.94,208.68,1,351.49,0.0,0.0,0.0,1.69,0.0,0.0,0.0,0.0,0.0,430.0,0.0,1.69
bf_sae1006_050,period_5,5,8,1,1,1200.0,2314.27,5164.94,489.98,5,2264.32,0.0,0.0,0.0,4.63,26.04,0.0,26.04,19.29,0.0,1200.0,0.0,49.95
bz_nbr7008_043,period_1,1,103,0,1,1020.0,11056.39,5742.24,3203.1,2,10685.52,20.66,20.66,0.0,3.34,238.47,0.0,238.47,108.4,0.0,1020.0,0.0,0.0
bz_nbr7008_043,period_1,1,105,0,1,1020.0,9853.38,5742.24,2854.58,2,9531.25,0.0,0.0,0.0,3.34,222.18,0.0,222.18,96.6,0.0,1020.0,0.0,0.0
bz_nbr7008_043,period_1,1,19,0,1,900.0,5325.41,5465.22,1748.51,2,5121.3,0.0,0.0,0.0,2.93,142.01,0.0,142.01,59.17,0.0,900.0,0.0,0.0
bz_nbr7008_043,period_1,1,20,0,1,900.0,6113.48,5465.22,2007.26,2,5561.22,318.37,309.05,9.32,2.93,163.03,0.0,163.03,67.93,0.0,900.0,0.0,0.0
bz_nbr7008_043,period_1,1,22,0,1,900.0,4577.23,5465.22,1502.85,2,4055.83,20.27,20.27,0.0,2.71,447.55,0.0,447.55,50.86,0.0,900.0,0.0,0.0
bz_nbr7008_043,period_1,1,36,0,1,900.0,5907.96,5465.22,1939.78,1,5747.45,0.0,0.0,0.0,2.96,91.9,0.0,91.9,65.64,0.0,900.0,0.0,0.0
bz_nbr7008_043,period_1,1,45,0,1,900.0,6951.6,5465.22,2282.44,1,6763.26,0.0,0.0,0.0,2.96,108.14,0.0,108.14,77.24,0.0,900.0,0.0,0.0
bz_nbr7008_043,period_1,1,51,0,1,1200.0,7580.63,5944.29,1866.73,2,7437.67,0.0,0.0,0.0,3.99,75.81,0.0,75.81,63.17,0.0,1200.0,0.0,0.0
bz_nbr7008_043,period_1,1,65,0,1,1200.0,8585.18,5944.29,2114.1,2,7966.14,0.0,0.0,0.0,3.77,543.73,0.0,543.73,71.54,0.0,1200.0,0.0,0.0
bz_nbr7008_043,period_1,1,76,0,1,1200.0,7790.32,5944.29,1918.36,3,7139.19,510.81,510.81,0.0,3.99,71.41,0.0,71.41,64.92,0.0,1200.0,0.0,0.0
bz_nbr7008_043,period_1,1,77,0,1,1200.0,9082.29,5944.29,2236.51,2,8427.62,0.0,0.0,0.0,3.77,575.21,0.0,575.21,75.69,0.0,1200.0,0.0,0.0
bz_nbr7008_043,period_1,1,8,0,1,900.0,6168.47,5465.22,2025.31,1,5981.53,19.48,19.48,0.0,2.96,95.95,0.0,95.95,68.54,0.0,900.0,0.0,0.0
bz_nbr7008_043,period_1,1,87,0,1,1020.0,10581.66,5742.24,3065.56,2,9748.54,0.0,0.0,0.0,3.18,726.19,0.0,726.19,103.74,0.0,1020.0,0.0,0.0
bz_nbr7008_043,period_1,1,94,0,1,1020.0,10296.48,5742.24,2982.95,2,8569.17,916.57,916.57,0.0,3.18,706.62,0.0,706.62,100.95,0.0,1020.0,0.0,0.0
bz_nbr7008_043,period_1,1,95,0,1,1020.0,10624.15,5742.24,3077.87,2,10224.08,63.42,63.42,0.0,3.34,229.15,0.0,229.15,104.16,0.0,1020.0,0.0,0.0
bz_nbr7008_043,period_1,1,97,0,1,1020.0,8857.69,5742.24,2566.12,2,8567.78,0.0,0.0,0.0,3.34,199.73,0.0,199.73,86.84,0.0,1020.0,0.0,0.0
bz_nbr7008_043,period_1,1,98,0,1,1020.0,9244.46,5742.24,2678.17,2,8910.5,31.53,31.53,0.0,3.34,208.45,0.0,208.45,90.63,0.0,1020.0,0.0,0.0
bz_nbr7008_043,period_1,1,99,0,1,1020.0,11479.18,5742.24,3325.58,2,11115.71,0.0,0.0,0.0,3.34,247.59,0.0,247.59,112.54,0.0,1020.0,0.0,0.0
bz_nbr7008_043,period_2,2,100,0,1,1020.0,10867.57,5742.24,3148.39,2,9606.22,405.81,405.81,0.0,3.18,745.81,0.0,745.81,106.54,0.0,1020.0,0.0,0.0
bz_nbr7008_043,period_2,2,103,0,1,1020.0,11056.39,5742.24,3203.1,2,10706.18,0.0,0.0,0.0,3.34,238.47,0.0,238.47,108.4,0.0,1020.0,0.0,0.0
bz_nbr7008_043,period_2,2,106,0,1,1020.0,10894.26,5742.24,3156.13,2,10527.7,21.43,21.43,0.0,3.34,234.97,0.0,234.97,106.81,0.0,1020.0,0.0,0.0
bz_nbr7008_043,period_2,2,12,0,1,900.0,6783.42,5465.22,2227.22,1,6599.4,0.17,0.0,0.17,2.96,105.52,0.0,105.52,75.37,0.0,900.0,0.0,0.0
bz_nbr7008_043,period_2,2,22,0,1,900.0,4577.23,5465.22,1502.85,1,4452.21,0.0,0.0,0.0,2.96,71.2,0.0,71.2,50.86,0.0,900.0,0.0,0.0
bz_nbr7008_043,period_2,2,25,0,1,900.0,6703.85,5465.22,2201.09,2,6210.77,236.89,236.89,0.0,2.93,178.77,0.0,178.77,74.49,0.0,900.0,0.0,0.0
bz_nbr7008_043,period_2,2,43,0,1,900.0,7210.13,5465.22,2367.32,2,6874.86,43.94,43.94,0.0,2.92,208.29,0.0,208.29,80.11,0.0,900.0,0.0,0.0
bz_nbr7008_043,period_2,2,47,0,1,1200.0,6515.67,5944.29,1370.28,3,5190.07,273.17,273.17,0.0,3.99,51.01,0.0,51.01,46.37,951.06,1200.0,234.2,0.0
bz_nbr7008_043,period_2,2,49,0,1,1200.0,7914.68,5944.29,1948.99,2,7765.59,0.0,0.0,0.0,3.99,79.15,0.0,79.15,65.96,0.0,1200.0,0.0,0.0
bz_nbr7008_043,period_2,2,52,0,1,1200.0,7307.11,5944.29,1799.37,2,6779.66,0.0,0.0,0.0,3.77,462.78,0.0,462.78,60.89,0.0,1200.0,0.0,0.0
bz_nbr7008_043,period_2,2,58,0,1,1200.0,7788.84,5944.29,1918.0,2,7226.87,0.0,0.0,0.0,3.77,493.29,0.0,493.29,64.91,0.0,1200.0,0.0,0.0
bz_nbr7008_043,period_2,2,6,0,1,900.0,5206.75,5465.22,1709.55,2,4637.08,0.0,0.0,0.0,2.71,509.1,0.0,509.1,57.85,0.0,900.0,0.0,0.0
bz_nbr7008_043,period_2,2,75,0,1,1200.0,8068.01,5944.29,1986.74,2,7486.03,0.0,0.0,0.0,3.77,510.97,0.0,510.97,67.23,0.0,1200.0,0.0,0.0
bz_nbr7008_043,period_2,2,76,0,1,1200.0,7790.32,5944.29,1918.36,2,7228.24,0.0,0.0,0.0,3.77,493.39,0.0,493.39,64.92,0.0,1200.0,0.0,0.0
bz_nbr7008_043,period_2,2,79,0,1,1200.0,7062.24,5944.29,1739.07,2,6534.7,0.0,0.0,0.0,3.76,464.93,0.0,464.93,58.85,0.0,1200.0,0.0,0.0
bz_nbr7008_043,period_2,2,8,0,1,900.0,6168.47,5465.22,2025.31,1,6001.01,0.0,0.0,0.0,2.96,95.95,0.0,95.95,68.54,0.0,900.0,0.0,0.0
bz_nbr7008_043,period_2,2,80,0,1,1200.0,6940.45,5944.29,1709.08,2,6416.16,0.0,0.0,0.0,3.76,462.7,0.0,462.7,57.84,0.0,1200.0,0.0,0.0
bz_nbr7008_043,period_2,2,88,0,1,1020.0,10102.75,5742.24,2926.82,2,9608.95,163.61,163.61,0.0,3.34,227.81,0.0,227.81,99.05,0.0,1020.0,0.0,0.0
bz_nbr7008_043,period_2,2,109,1,1,876.0,19.48,5465.22,6.57,1,16.52,0.0,0.0,0.0,2.96,0.0,0.0,0.0,0.0,0.0,876.0,0.0,2.96
bz_nbr7008_043,period_2,2,110,1,1,120.0,309.05,5465.22,761.03,1,308.64,0.0,0.0,0.0,0.41,0.0,0.0,0.0,0.0,0.0,120.0,0.0,0.41
bz_nbr7008_043,period_2,2,111,1,1,682.0,20.27,5465.22,8.78,1,15.93,2.03,0.0,2.03,2.31,0.0,0.0,0.0,0.0,0.0,682.0,0.0,4.34
bz_nbr7008_043,period_2,2,112,1,1,107.0,234.3,5944.29,647.06,1,233.94,0.0,0.0,0.0,0.36,0.0,0.0,0.0,0.0,0.0,107.0,0.0,0.36
bz_nbr7008_043,period_2,2,113,1,1,536.0,276.5,5944.29,152.44,1,274.69,0.0,0.0,0.0,1.81,0.0,0.0,0.0,0.0,0.0,536.0,0.0,1.81
bz_nbr7008_043,period_2,2,114,1,1,258.0,916.57,5742.24,1049.79,1,915.7,0.0,0.0,0.0,0.87,0.0,0.0,0.0,0.0,0.0,258.0,0.0,0.87
bz_nbr7008_043,period_2,2,115,1,1,432.0,63.42,5742.24,43.38,1,61.96,0.0,0.0,0.0,1.46,0.0,0.0,0.0,0.0,0.0,432.0,0.0,1.46
bz_nbr7008_043,period_2,2,116,1,1,555.0,31.53,5742.24,16.79,1,29.65,0.0,0.0,0.0,1.88,0.0,0.0,0.0,0.0,0.0,555.0,0.0,1.88
bz_nbr7008_043,period_2,2,117,1,1,556.0,20.66,5742.24,10.98,1,18.78,0.0,0.0,0.0,1.88,0.0,0.0,0.0,0.0,0.0,556.0,0.0,1.88
bz_nbr7008_043,period_3,3,105,0,1,1020.0,9853.38,5742.24,2854.58,2,9540.91,0.0,0.0,0.0,3.34,212.52,0.0,212.52,96.6,0.0,1020.0,0.0,0.0
bz_nbr7008_043,period_3,3,107,0,1,1020.0,9639.61,5742.24,2792.65,2,8880.38,0.0,0.0,0.0,3.18,661.54,0.0,661.54,94.51,0.0,1020.0,0.0,0.0
bz_nbr7008_043,period_3,3,17,0,1,900.0,7313.56,5465.22,2401.28,2,6784.99,233.1,233.1,0.0,2.92,211.28,0.0,211.28,81.26,0.0,900.0,0.0,0.0
bz_nbr7008_043,period_3,3,22,0,1,900.0,4577.23,5465.22,1502.85,2,4148.95,252.43,252.43,0.0,2.93,122.06,0.0,122.06,50.86,0.0,900.0,0.0,0.0
bz_nbr7008_043,period_3,3,30,0,1,900.0,7880.35,5465.22,2587.38,1,7667.24,0.0,0.0,0.0,2.96,122.58,0.0,122.58,87.56,0.0,900.0,0.0,0.0
bz_nbr7008_043,period_3,3,38,0,1,900.0,6246.97,5465.22,2051.09,1,6039.23,38.19,38.19,0.0,2.96,97.18,0.0,97.18,69.41,0.0,900.0,0.0,0.0
bz_nbr7008_043,period_3,3,43,0,1,900.0,7210.13,5465.22,2367.32,1,7014.9,0.0,0.0,0.0,2.96,112.16,0.0,112.16,80.11,0.0,900.0,0.0,0.0
bz_nbr7008_043,period_3,3,45,0,1,900.0,6951.6,5465.22,2282.44,2,6174.17,17.77,17.77,0.0,2.71,679.71,0.0,679.71,77.24,0.0,900.0,0.0,0.0
bz_nbr7008_043,period_3,3,60,0,1,1200.0,7215.41,5944.29,1776.79,2,6694.54,0.0,0.0,0.0,3.77,456.98,0.0,456.98,60.13,0.0,1200.0,0.0,0.0
bz_nbr7008_043,period_3,3,7,0,1,900.0,7226.15,5465.22,2372.58,1,5473.51,0.0,0.0,0.0,2.31,1670.04,1670.04,0.0,80.29,0.0,900.0,0.0,0.0
bz_nbr7008_043,period_3,3,72,0,1,1200.0,8488.08,5944.29,2090.19,2,8328.48,0.0,0.0,0.0,3.99,84.88,0.0,84.88,70.73,0.0,1200.0,0.0,0.0
bz_nbr7008_043,period_3,3,73,0,1,1200.0,7191.58,5944.29,1770.92,2,7055.75,0.0,0.0,0.0,3.99,71.92,0.0,71.92,59.93,0.0,1200.0,0.0,0.0
bz_nbr7008_043,period_3,3,76,0,1,1200.0,7790.32,5944.29,1918.36,3,6613.39,1036.61,1036.61,0.0,3.99,71.41,0.0,71.41,64.92,0.0,1200.0,0.0,0.0
bz_nbr7008_043,period_3,3,80,0,1,1200.0,6940.45,5944.29,1709.08,2,6421.94,0.0,0.0,0.0,3.76,456.91,0.0,456.91,57.84,0.0,1200.0,0.0,0.0
bz_nbr7008_043,period_3,3,84,0,1,1020.0,8460.46,5742.24,2451.04,2,8069.18,122.51,122.51,0.0,3.34,182.48,0.0,182.48,82.95,0.0,1020.0,0.0,0.0
bz_nbr7008_043,period_3,3,87,0,1,1020.0,10581.66,5742.24,3065.56,2,9446.91,301.64,301.64,0.0,3.18,726.19,0.0,726.19,103.74,0.0,1020.0,0.0,0.0
bz_nbr7008_043,period_3,3,96,0,1,1020.0,11013.89,5742.24,3190.78,2,10654.22,0.0,0.0,0.0,3.34,248.35,0.0,248.35,107.98,0.0,1020.0,0.0,0.0
bz_nbr7008_043,period_3,3,97,0,1,1020.0,8857.69,5742.24,2566.12,2,8576.46,0.0,0.0,0.0,3.34,191.05,0.0,191.05,86.84,0.0,1020.0,0.0,0.0
bz_nbr7008_043,period_3,3,98,0,1,1020.0,9244.46,5742.24,2678.17,2,8896.47,45.56,45.56,0.0,3.34,208.45,0.0,208.45,90.63,0.0,1020.0,0.0,0.0
bz_nbr7008_043,period_3,3,109,1,1,120.0,175.59,5465.22,432.39,1,175.18,0.0,0.0,0.0,0.41,0.0,0.0,0.0,0.0,0.0,120.0,0.0,0.41
bz_nbr7008_043,period_3,3,110,1,1,746.0,61.3,5465.22,24.28,1,58.78,0.0,0.0,0.0,2.52,0.0,0.0,0.0,0.0,0.0,746.0,0.0,2.52
bz_nbr7008_043,period_3,3,111,1,1,432.0,43.94,5465.22,30.06,1,42.48,0.0,0.0,0.0,1.46,0.0,0.0,0.0,0.0,0.0,432.0,0.0,1.46
bz_nbr7008_043,period_3,3,112,1,1,107.0,273.17,5944.29,754.41,1,272.81,0.0,0.0,0.0,0.36,0.0,0.0,0.0,0.0,0.0,107.0,0.0,0.36
bz_nbr7008_043,period_3,3,113,1,1,1200.0,951.06,5944.29,234.2,2,929.64,0.0,0.0,0.0,3.99,9.51,0.0,9.51,7.93,0.0,1200.0,0.0,21.42
bz_nbr7008_043,period_3,3,114,1,1,555.0,163.61,5742.24,87.11,1,161.73,0.0,0.0,0.0,1.88,0.0,0.0,0.0,0.0,0.0,555.0,0.0,1.88
bz_nbr7008_043,period_3,3,115,1,1,258.0,405.81,5742.24,464.79,2,376.69,0.0,0.0,0.0,0.81,12.58,0.0,12.58,15.73,0.0,258.0,0.0,29.12
bz_nbr7008_043,period_3,3,116,1,1,556.0,21.43,5742.24,11.39,1,19.55,0.0,0.0,0.0,1.88,0.0,0.0,0.0,0.0,0.0,556.0,0.0,1.88
bz_nbr7008_043,period_4,4,105,0,1,1020.0,9853.38,5742.24,2854.58,2,8863.92,483.86,483.86,0.0,3.28,405.73,0.0,405.73,96.6,0.0,1020.0,0.0,0.0
bz_nbr7008_043,period_4,4,20,0,1,900.0,6113.48,5465.22,2007.26,2,4883.56,561.52,561.52,0.0,2.71,597.76,0.0,597.76,67.93,0.0,900.0,0.0,0.0
bz_nbr7008_043,period_4,4,22,0,1,900.0,4577.23,5465.22,1502.85,1,4452.21,0.0,0.0,0.0,2.96,71.2,0.0,71.2,50.86,0.0,900.0,0.0,0.0
bz_nbr7008_043,period_4,4,32,0,1,900.0,6276.23,5465.22,2060.69,1,6099.59,6.31,0.0,6.31,2.96,97.63,0.0,97.63,69.74,0.0,900.0,0.0,0.0
bz_nbr7008_043,period_4,4,44,0,1,900.0,4606.0,5465.22,1512.3,1,4480.21,0.0,0.0,0.0,2.96,71.65,0.0,71.65,51.18,0.0,900.0,0.0,0.0
bz_nbr7008_043,period_4,4,51,0,1,1200.0,7580.63,5944.29,1866.73,2,7014.64,0.0,0.0,0.0,3.76,499.06,0.0,499.06,63.17,0.0,1200.0,0.0,0.0
bz_nbr7008_043,period_4,4,62,0,1,1200.0,8022.45,5944.29,1975.53,2,7871.39,0.0,0.0,0.0,3.99,80.22,0.0,80.22,66.85,0.0,1200.0,0.0,0.0
bz_nbr7008_043,period_4,4,65,0,1,1200.0,8585.18,5944.29,2114.1,2,7892.52,45.01,45.01,0.0,3.76,572.35,0.0,572.35,71.54,0.0,1200.0,0.0,0.0
bz_nbr7008_043,period_4,4,68,0,1,1200.0,7331.37,5944.29,1805.35,2,6802.19,0.0,0.0,0.0,3.77,464.32,0.0,464.32,61.09,0.0,1200.0,0.0,0.0
bz_nbr7008_043,period_4,4,74,0,1,1200.0,8979.55,5944.29,2211.21,2,8332.25,0.0,0.0,0.0,3.77,568.7,0.0,568.7,74.83,0.0,1200.0,0.0,0.0
bz_nbr7008_043,period_4,4,79,0,1,1200.0,7062.24,5944.29,1739.07,2,6552.34,0.0,0.0,0.0,3.77,447.28,0.0,447.28,58.85,0.0,1200.0,0.0,0.0
bz_nbr7008_043,period_4,4,83,0,1,1020.0,12560.0,5742.24,3638.7,2,11985.04,177.58,177.58,0.0,3.34,270.9,0.0,270.9,123.14,0.0,1020.0,0.0,0.0
bz_nbr7008_043,period_4,4,84,0,1,1020.0,8460.46,5742.24,2451.04,2,7793.71,0.0,0.0,0.0,3.18,580.62,0.0,580.62,82.95,0.0,1020.0,0.0,0.0
bz_nbr7008_043,period_4,4,90,0,1,1020.0,10644.79,5742.24,3083.85,2,10307.49,0.0,0.0,0.0,3.34,229.59,0.0,229.59,104.36,0.0,1020.0,0.0,0.0
bz_nbr7008_043,period_4,4,97,0,1,1020.0,8857.69,5742.24,2566.12,2,7893.69,821.65,821.65,0.0,3.4,52.1,0.0,52.1,86.84,0.0,1020.0,0.0,0.0
bz_nbr7008_043,period_4,4,109,1,1,208.0,1670.04,5465.22,2372.58,1,963.08,0.0,0.0,0.0,0.41,626.26,0.0,626.26,80.29,0.0,208.0,0.0,706.96
bz_nbr7008_043,period_4,4,110,1,1,432.0,7.31,5465.22,5.0,1,5.85,0.0,0.0,0.0,1.46,0.0,0.0,0.0,0.0,0.0,432.0,0.0,1.46
bz_nbr7008_043,period_4,4,111,1,1,432.0,225.79,5465.22,154.45,1,222.01,2.32,0.0,2.32,1.46,0.0,0.0,0.0,0.0,0.0,432.0,0.0,3.78
bz_nbr7008_043,period_4,4,112,1,1,120.0,226.21,5465.22,557.04,1,225.8,0.0,0.0,0.0,0.41,0.0,0.0,0.0,0.0,0.0,120.0,0.0,0.41
bz_nbr7008_043,period_4,4,113,1,1,746.0,26.22,5465.22,10.39,1,19.71,3.99,0.0,3.99,2.52,0.0,0.0,0.0,0.0,0.0,746.0,0.0,6.51
bz_nbr7008_043,period_4,4,114,1,1,876.0,38.19,5465.22,12.88,1,35.23,0.0,0.0,0.0,2.96,0.0,0.0,0.0,0.0,0.0,876.0,0.0,2.96
bz_nbr7008_043,period_4,4,115,1,1,682.0,17.77,5465.22,7.7,1,15.46,0.0,0.0,0.0,2.31,0.0,0.0,0.0,0.0,0.0,682.0,0.0,2.31
bz_nbr7008_043,period_4,4,116,1,1,107.0,434.92,5944.29,1201.11,1,333.04,101.52,101.52,0.0,0.36,0.0,0.0,0.0,0.0,0.0,107.0,0.0,101.88
bz_nbr7008_043,period_4,4,117,1,1,536.0,601.68,5944.29,331.71,1,599.87,0.0,0.0,0.0,1.81,0.0,0.0,0.0,0.0,0.0,536.0,0.0,1.81
bz_nbr7008_043,period_4,4,118,1,1,556.0,122.51,5742.24,65.11,1,120.63,0.0,0.0,0.0,1.88,0.0,0.0,0.0,0.0,0.0,556.0,0.0,1.88
bz_nbr7008_043,period_4,4,119,1,1,258.0,301.64,5742.24,345.48,1,300.77,0.0,0.0,0.0,0.87,0.0,0.0,0.0,0.0,0.0,258.0,0.0,0.87
bz_nbr7008_043,period_4,4,120,1,1,555.0,45.56,5742.24,24.26,1,43.68,0.0,0.0,0.0,1.88,0.0,0.0,0.0,0.0,0.0,555.0,0.0,1.88
bz_nbr7008_043,period_5,5,10,0,1,900.0,5633.16,5465.22,1849.55,2,5398.34,6.57,0.0,6.57,2.92,162.74,0.0,162.74,62.59,0.0,900.0,0.0,0.0
bz_nbr7008_043,period_5,5,105,0,1,1020.0,9853.38,5742.24,2854.58,2,9331.6,16.17,16.17,0.0,3.28,405.73,0.0,405.73,96.6,0.0,1020.0,0.0,0.0
bz_nbr7008_043,period_5,5,11,0,1,900.0,5230.32,5465.22,1717.29,2,4689.83,264.46,264.46,0.0,2.89,215.02,0.0,215.02,58.11,0.0,900.0,0.0,0.0
bz_nbr7008_043,period_5,5,30,0,1,900.0,7880.35,5465.22,2587.38,1,7663.01,4.23,0.0,4.23,2.96,122.58,0.0,122.58,87.56,0.0,900.0,0.0,0.0
bz_nbr7008_043,period_5,5,32,0,1,900.0,6276.23,5465.22,2060.69,1,6105.9,0.0,0.0,0.0,2.96,97.63,0.0,97.63,69.74,0.0,900.0,0.0,0.0
bz_nbr7008_043,period_5,5,43,0,1,900.0,7210.13,5465.22,2367.32,1,5287.83,173.54,173.54,0.0,2.31,1666.34,1666.34,0.0,80.11,0.0,900.0,0.0,0.0
bz_nbr7008_043,period_5,5,44,0,1,900.0,4606.0,5465.22,1512.3,2,4002.81,98.93,98.93,0.0,2.71,450.36,0.0,450.36,51.18,0.0,900.0,0.0,0.0
bz_nbr7008_043,period_5,5,47,0,1,1200.0,6515.67,5944.29,1604.48,2,6392.23,0.0,0.0,0.0,3.99,65.16,0.0,65.16,54.3,0.0,1200.0,0.0,0.0
bz_nbr7008_043,period_5,5,56,0,1,1200.0,8813.21,5944.29,2170.25,2,8177.83,0.0,0.0,0.0,3.77,558.17,0.0,558.17,73.44,0.0,1200.0,0.0,0.0
bz_nbr7008_043,period_5,5,62,0,1,1200.0,8022.45,5944.29,1975.53,2,7871.39,0.0,0.0,0.0,3.99,80.22,0.0,80.22,66.85,0.0,1200.0,0.0,0.0
bz_nbr7008_043,period_5,5,63,0,1,1200.0,7911.9,5944.29,1948.3,2,7762.86,0.0,0.0,0.0,3.99,79.12,0.0,79.12,65.93,0.0,1200.0,0.0,0.0
bz_nbr7008_043,period_5,5,65,0,1,1200.0,8585.18,5944.29,2114.1,2,7966.14,0.0,0.0,0.0,3.77,543.73,0.0,543.73,71.54,0.0,1200.0,0.0,0.0
bz_nbr7008_043,period_5,5,7,0,1,900.0,7226.15,5465.22,2372.58,1,7030.49,0.0,0.0,0.0,2.96,112.41,0.0,112.41,80.29,0.0,900.0,0.0,0.0
bz_nbr7008_043,period_5,5,70,0,1,1200.0,8707.53,5944.29,2144.23,2,8057.96,0.0,0.0,0.0,3.76,573.25,0.0,573.25,72.56,0.0,1200.0,0.0,0.0
bz_nbr7008_043,period_5,5,71,0,1,1200.0,7965.55,5944.29,1961.51,4,7828.8,0.0,0.0,0.0,3.99,66.38,0.0,66.38,66.38,0.0,1200.0,0.0,0.0
bz_nbr7008_043,period_5,5,74,0,1,1200.0,8979.55,5944.29,2211.21,2,8332.25,0.0,0.0,0.0,3.77,568.7,0.0,568.7,74.83,0.0,1200.0,0.0,0.0
bz_nbr7008_043,period_5,5,79,0,1,1200.0,7062.24,5944.29,1739.07,2,6417.06,0.0,0.0,0.0,3.69,582.63,0.0,582.63,58.85,0.0,1200.0,0.0,0.0
bz_nbr7008_043,period_5,5,82,0,1,1020.0,9316.86,5742.24,2699.14,2,8978.4,33.69,33.69,0.0,3.34,210.09,0.0,210.09,91.34,0.0,1020.0,0.0,0.0
bz_nbr7008_043,period_5,5,85,0,1,1020.0,12497.66,5742.24,3620.64,2,12067.35,34.88,34.88,0.0,3.34,269.56,0.0,269.56,122.53,0.0,1020.0,0.0,0.0
bz_nbr7008_043,period_5,5,87,0,1,1020.0,10581.66,5742.24,3065.56,2,10246.34,0.0,0.0,0.0,3.34,228.23,0.0,228.23,103.74,0.0,1020.0,0.0,0.0
bz_nbr7008_043,period_5,5,94,0,1,1020.0,10296.48,5742.24,2982.95,2,9216.73,269.0,269.0,0.0,3.18,706.62,0.0,706.62,100.95,0.0,1020.0,0.0,0.0
bz_nbr7008_043,period_5,5,97,0,1,1020.0,8857.69,5742.24,2566.12,2,8567.78,0.0,0.0,0.0,3.34,199.73,0.0,199.73,86.84,0.0,1020.0,0.0,0.0
bz_nbr7008_043,period_5,5,99,0,1,1020.0,11479.18,5742.24,3325.58,2,11115.71,0.0,0.0,0.0,3.34,247.59,0.0,247.59,112.54,0.0,1020.0,0.0,0.0
bz_nbr7008_043,period_5,5,109,1,1,120.0,471.41,5465.22,1160.85,1,471.0,0.0,0.0,0.0,0.41,0.0,0.0,0.0,0.0,0.0,120.0,0.0,0.41
bz_nbr7008_043,period_5,5,110,1,1,682.0,90.11,5465.22,39.04,1,87.8,0.0,0.0,0.0,2.31,0.0,0.0,0.0,0.0,0.0,682.0,0.0,2.31
bz_nbr7008_043,period_5,5,111,1,1,555.0,45.01,5944.29,23.96,1,43.13,0.0,0.0,0.0,1.88,0.0,0.0,0.0,0.0,0.0,555.0,0.0,1.88
bz_nbr7008_043,period_5,5,112,1,1,556.0,177.58,5742.24,94.38,1,175.7,0.0,0.0,0.0,1.88,0.0,0.0,0.0,0.0,0.0,556.0,0.0,1.88
bz_nbr7008_043,period_5,5,113,1,1,258.0,821.65,5742.24,941.07,1,820.78,0.0,0.0,0.0,0.87,0.0,0.0,0.0,0.0,0.0,258.0,0.0,0.87
bz_nbr7008_043,period_5,5,114,1,1,536.0,483.86,5742.24,266.75,1,482.05,0.0,0.0,0.0,1.81,0.0,0.0,0.0,0.0,0.0,536.0,0.0,1.81
bz_nbr7008_075,period_1,1,1,0,1,1000.0,6006.21,5355.26,1017.57,7,5517.24,339.06,339.06,0.0,5.76,84.09,0.0,84.09,60.06,0.0,1000.0,0.0,0.0
bz_nbr7008_075,period_1,1,2,0,1,1000.0,6606.91,5355.26,1119.34,2,4983.91,1544.49,1544.49,0.0,5.84,6.61,0.0,6.61,66.07,0.0,1000.0,0.0,0.0
bz_nbr7008_075,period_1,1,3,0,1,1000.0,6948.64,5355.26,1177.24,2,6859.42,0.0,0.0,0.0,5.83,13.9,0.0,13.9,69.49,0.0,1000.0,0.0,0.0
bz_nbr7008_075,period_1,1,4,0,1,1000.0,7071.97,5355.26,1198.13,2,6473.67,55.37,55.37,0.0,5.45,466.75,466.75,0.0,70.72,0.0,1000.0,0.0,0.0
bz_nbr7008_075,period_1,1,7,0,1,1000.0,6173.57,5355.26,1045.92,2,6072.94,20.72,20.72,0.0,5.83,12.35,0.0,12.35,61.74,0.0,1000.0,0.0,0.0
bz_nbr7008_075,period_1,1,8,0,1,1000.0,7395.89,5355.26,1253.01,7,6059.79,1123.28,1123.28,0.0,5.74,133.13,0.0,133.13,73.96,0.0,1000.0,0.0,0.0
bz_nbr7008_075,period_2,2,1,0,1,1000.0,6006.21,5355.26,1017.57,2,4470.77,1073.51,1073.51,0.0,5.45,396.41,396.41,0.0,60.06,0.0,1000.0,0.0,0.0
bz_nbr7008_075,period_2,2,11,0,1,1000.0,7895.06,5355.26,1337.58,5,6737.34,599.58,599.58,0.0,5.49,473.7,473.7,0.0,78.95,0.0,1000.0,0.0,0.0
bz_nbr7008_075,period_2,2,2,0,1,1000.0,6606.91,5355.26,1119.34,2,4940.93,1587.47,1587.47,0.0,5.84,6.61,0.0,6.61,66.07,0.0,1000.0,0.0,0.0
bz_nbr7008_075,period_2,2,7,0,1,1000.0,6173.57,5355.26,1045.92,2,5698.92,0.0,0.0,0.0,5.45,407.46,407.46,0.0,61.74,0.0,1000.0,0.0,0.0
bz_nbr7008_075,period_2,2,8,0,1,1000.0,7395.89,5355.26,1253.01,2,7301.31,0.0,0.0,0.0,5.83,14.79,0.0,14.79,73.96,0.0,1000.0,0.0,0.0
bz_nbr7008_075,period_2,2,12,1,1,180.0,69.75,5355.26,65.65,1,68.69,0.0,0.0,0.0,1.06,0.0,0.0,0.0,0.0,0.0,180.0,0.0,1.06
bz_nbr7008_075,period_2,2,13,1,1,38.0,41.3,5355.26,184.13,1,0.0,41.08,41.08,0.0,0.22,0.0,0.0,0.0,0.0,0.0,38.0,0.0,41.3
bz_nbr7008_075,period_2,2,14,1,1,38.0,228.01,5355.26,1016.56,1,0.0,227.79,227.79,0.0,0.22,0.0,0.0,0.0,0.0,0.0,38.0,0.0,228.01
bz_nbr7008_075,period_2,2,15,1,1,495.0,1544.49,5355.26,528.62,2,1116.01,5.13,0.0,5.13,2.12,390.02,390.02,0.0,31.2,0.0,495.0,0.0,428.48
bz_nbr7008_075,period_2,2,16,1,1,744.0,55.37,5355.26,12.61,1,50.98,0.0,0.0,0.0,4.39,0.0,0.0,0.0,0.0,0.0,744.0,0.0,4.39
bz_nbr7008_075,period_2,2,17,1,1,66.0,466.75,5355.26,1198.13,1,0.0,268.51,268.51,0.0,0.22,127.3,0.0,127.3,70.72,0.0,66.0,0.0,466.75
bz_nbr7008_075,period_2,2,18,1,1,494.0,20.72,5355.26,7.11,1,12.22,5.58,0.0,5.58,2.92,0.0,0.0,0.0,0.0,0.0,494.0,0.0,8.5
bz_nbr7008_075,period_2,2,19,1,1,38.0,280.82,5355.26,1252.01,1,0.0,280.6,280.6,0.0,0.22,0.0,0.0,0.0,0.0,0.0,38.0,0.0,280.82
bz_nbr7008_075,period_2,2,20,1,1,38.0,280.82,5355.26,1252.01,1,143.5,137.09,137.09,0.0,0.22,0.0,0.0,0.0,0.0,0.0,38.0,0.0,137.32
bz_nbr7008_075,period_2,2,21,1,1,38.0,280.82,5355.26,1252.01,1,279.47,1.12,1.12,0.0,0.22,0.0,0.0,0.0,0.0,0.0,38.0,0.0,1.35
bz_nbr7008_075,period_2,2,22,1,1,38.0,280.82,5355.26,1252.01,1,279.47,1.12,1.12,0.0,0.22,0.0,0.0,0.0,0.0,0.0,38.0,0.0,1.35
bz_nbr7008_075,period_3,3,1,0,1,1000.0,6006.21,5355.26,480.57,2,1748.46,1051.05,1051.05,0.0,5.84,2.84,0.0,2.84,28.37,3169.67,1000.0,537.0,0.0
bz_nbr7008_075,period_3,3,2,0,1,1000.0,6606.91,5355.26,1119.34,2,6027.85,71.48,71.48,0.0,5.45,436.06,436.06,0.0,66.07,0.0,1000.0,0.0,0.0
bz_nbr7008_075,period_3,3,3,0,1,1000.0,6948.64,5355.26,972.63,7,5161.54,435.86,435.86,0.0,5.76,80.37,0.0,80.37,57.41,1207.69,1000.0,204.61,0.0
bz_nbr7008_075,period_3,3,4,0,1,1000.0,7071.97,5355.26,1198.13,2,6981.27,0.0,0.0,0.0,5.83,14.14,0.0,14.14,70.72,0.0,1000.0,0.0,0.0
bz_nbr7008_075,period_3,3,6,0,1,1000.0,7251.61,5355.26,1228.57,2,7158.76,0.0,0.0,0.0,5.83,14.5,0.0,14.5,72.52,0.0,1000.0,0.0,0.0
bz_nbr7008_075,period_3,3,7,0,1,1000.0,6173.57,5355.26,1045.92,2,5698.92,0.0,0.0,0.0,5.45,407.46,407.46,0.0,61.74,0.0,1000.0,0.0,0.0
bz_nbr7008_075,period_3,3,12,1,1,744.0,1073.51,5355.26,244.45,1,1069.12,0.0,0.0,0.0,4.39,0.0,0.0,0.0,0.0,0.0,744.0,0.0,4.39
bz_nbr7008_075,period_3,3,13,1,1,66.0,396.41,5355.26,1017.57,1,0.0,228.01,228.01,0.0,0.22,108.11,0.0,108.11,60.06,0.0,66.0,0.0,396.41
bz_nbr7008_075,period_3,3,14,1,1,495.0,1587.47,5355.26,543.33,1,1584.55,0.0,0.0,0.0,2.92,0.0,0.0,0.0,0.0,0.0,495.0,0.0,2.92
bz_nbr7008_075,period_3,3,15,1,1,66.0,407.46,5355.26,1045.94,1,233.25,1.12,0.0,1.12,0.22,111.13,0.0,111.13,61.74,0.0,66.0,0.0,174.21
bz_nbr7008_075,period_3,3,16,1,1,38.0,299.79,5355.26,1336.59,1,298.44,1.12,0.0,1.12,0.22,0.0,0.0,0.0,0.0,0.0,38.0,0.0,1.35
bz_nbr7008_075,period_3,3,17,1,1,38.0,299.79,5355.26,1336.59,1,79.52,220.05,220.05,0.0,0.22,0.0,0.0,0.0,0.0,0.0,38.0,0.0,220.27
bz_nbr7008_075,period_3,3,18,1,1,60.0,473.7,5355.26,1337.57,1,298.66,1.12,0.0,1.12,0.22,94.74,0.0,94.74,78.95,0.0,60.0,0.0,175.04
bz_nbr7008_075,period_4,4,1,0,1,1000.0,6006.21,5355.26,1017.57,2,5522.33,21.96,21.96,0.0,5.45,396.41,396.41,0.0,60.06,0.0,1000.0,0.0,0.0
bz_nbr7008_075,period_4,4,2,0,1,1000.0,6606.91,5355.26,1119.34,2,6521.8,0.0,0.0,0.0,5.83,13.21,0.0,13.21,66.07,0.0,1000.0,0.0,0.0
bz_nbr7008_075,period_4,4,5,0,1,1000.0,7567.23,5355.26,1282.04,5,6408.62,623.42,623.42,0.0,5.49,454.03,454.03,0.0,75.67,0.0,1000.0,0.0,0.0
bz_nbr7008_075,period_4,4,7,0,1,1000.0,6173.57,5355.26,1045.92,2,5186.24,512.68,512.68,0.0,5.45,407.46,407.46,0.0,61.74,0.0,1000.0,0.0,0.0
bz_nbr7008_075,period_4,4,12,1,1,495.0,1051.05,5355.26,359.73,2,762.28,0.0,0.0,0.0,2.12,265.42,265.42,0.0,21.23,0.0,495.0,0.0,288.77
bz_nbr7008_075,period_4,4,13,1,1,1000.0,3169.67,5355.26,537.0,2,2935.86,193.1,193.1,0.0,5.84,3.17,0.0,3.17,31.7,0.0,1000.0,0.0,233.81
bz_nbr7008_075,period_4,4,14,1,1,744.0,71.48,5355.26,16.28,1,67.09,0.0,0.0,0.0,4.39,0.0,0.0,0.0,0.0,0.0,744.0,0.0,4.39
bz_nbr7008_075,period_4,4,15,1,1,66.0,436.06,5355.26,1119.35,1,250.84,0.0,0.0,0.0,0.22,118.93,0.0,118.93,66.07,0.0,66.0,0.0,185.22
bz_nbr7008_075,period_4,4,16,1,1,38.0,217.93,5355.26,971.62,1,186.3,31.4,31.4,0.0,0.22,0.0,0.0,0.0,0.0,0.0,38.0,0.0,31.63
bz_nbr7008_075,period_4,4,17,1,1,38.0,217.93,5355.26,971.62,1,217.71,0.0,0.0,0.0,0.22,0.0,0.0,0.0,0.0,0.0,38.0,0.0,0.22
bz_nbr7008_075,period_4,4,18,1,1,1000.0,1207.69,5355.26,204.61,2,1187.37,0.0,0.0,0.0,5.83,2.42,0.0,2.42,12.08,0.0,1000.0,0.0,20.32
bz_nbr7008_075,period_4,4,19,1,1,66.0,407.46,5355.26,1045.94,1,0.0,234.37,234.37,0.0,0.22,111.13,0.0,111.13,61.74,0.0,66.0,0.0,407.46
bz_nbr7008_075,period_5,5,1,0,1,1000.0,6006.21,5355.26,1017.57,2,5544.28,0.0,0.0,0.0,5.45,396.41,396.41,0.0,60.06,0.0,1000.0,0.0,0.0
bz_nbr7008_075,period_5,5,11,0,1,1000.0,7895.06,5355.26,1337.58,2,7794.49,0.0,0.0,0.0,5.83,15.79,0.0,15.79,78.95,0.0,1000.0,0.0,0.0
bz_nbr7008_075,period_5,5,2,0,1,1000.0,6606.91,5355.26,1119.34,2,6099.33,0.0,0.0,0.0,5.45,436.06,436.06,0.0,66.07,0.0,1000.0,0.0,0.0
bz_nbr7008_075,period_5,5,3,0,1,1000.0,6948.64,5355.26,965.41,7,5123.2,432.63,432.63,0.0,5.76,79.78,0.0,79.78,56.98,1250.3,1000.0,211.82,0.0
bz_nbr7008_075,period_5,5,4,0,1,1000.0,7071.97,5355.26,1198.13,2,5451.55,1536.79,1536.79,0.0,5.84,7.07,0.0,7.07,70.72,0.0,1000.0,0.0,0.0
bz_nbr7008_075,period_5,5,7,0,1,1000.0,6173.57,5355.26,543.14,2,2956.79,0.0,0.0,0.0,5.45,211.59,211.59,0.0,32.06,2967.67,1000.0,502.78,0.0
bz_nbr7008_075,period_5,5,8,0,1,1000.0,7395.89,5355.26,1253.01,2,7235.34,65.97,65.97,0.0,5.83,14.79,0.0,14.79,73.96,0.0,1000.0,0.0,0.0
bz_nbr7008_075,period_5,5,12,1,1,744.0,21.96,5355.26,5.0,1,17.57,0.0,0.0,0.0,4.39,0.0,0.0,0.0,0.0,0.0,744.0,0.0,4.39
bz_nbr7008_075,period_5,5,13,1,1,66.0,396.41,5355.26,1017.57,1,0.0,228.01,228.01,0.0,0.22,108.11,0.0,108.11,60.06,0.0,66.0,0.0,396.41
bz_nbr7008_075,period_5,5,14,1,1,180.0,32.69,5355.26,30.77,1,31.63,0.0,0.0,0.0,1.06,0.0,0.0,0.0,0.0,0.0,180.0,0.0,1.06
bz_nbr7008_075,period_5,5,15,1,1,494.0,16.07,5355.26,5.51,1,13.15,0.0,0.0,0.0,2.92,0.0,0.0,0.0,0.0,0.0,494.0,0.0,2.92
bz_nbr7008_075,period_5,5,16,1,1,38.0,287.33,5355.26,1281.04,1,64.82,222.29,222.29,0.0,0.22,0.0,0.0,0.0,0.0,0.0,38.0,0.0,222.51
bz_nbr7008_075,period_5,5,17,1,1,38.0,287.33,5355.26,1281.04,1,285.98,1.12,0.0,1.12,0.22,0.0,0.0,0.0,0.0,0.0,38.0,0.0,1.35
bz_nbr7008_075,period_5,5,18,1,1,60.0,454.03,5355.26,1282.03,1,286.21,1.12,0.0,1.12,0.22,90.81,0.0,90.81,75.67,0.0,60.0,0.0,167.82
bz_nbr7008_075,period_5,5,19,1,1,744.0,512.68,5355.26,116.74,1,508.29,0.0,0.0,0.0,4.39,0.0,0.0,0.0,0.0,0.0,744.0,0.0,4.39
bz_nbr7008_075,period_5,5,20,1,1,66.0,407.46,5355.26,1045.94,1,233.25,1.12,0.0,1.12,0.22,111.13,0.0,111.13,61.74,0.0,66.0,0.0,174.21
bz_nbr7008_095,period_1,1,1,0,1,1000.0,10104.58,5412.45,1351.51,5,9974.72,21.41,21.41,0.0,7.4,0.0,0.0,0.0,101.05,0.0,1000.0,0.0,0.0
bz_nbr7008_095,period_1,1,10,0,1,1000.0,8416.52,5412.45,1125.73,4,7820.41,0.0,0.0,0.0,6.95,504.99,0.0,504.99,84.17,0.0,1000.0,0.0,0.0
bz_nbr7008_095,period_1,1,2,0,1,1000.0,9411.76,5412.45,1258.85,3,8894.25,415.99,415.99,0.0,7.4,0.0,0.0,0.0,94.12,0.0,1000.0,0.0,0.0
bz_nbr7008_095,period_1,1,4,0,1,1000.0,9000.68,5412.45,1203.86,3,8270.37,309.15,309.15,0.0,7.13,324.02,0.0,324.02,90.01,0.0,1000.0,0.0,0.0
bz_nbr7008_095,period_1,1,6,0,1,1000.0,9450.33,5412.45,1264.0,3,9348.42,0.0,0.0,0.0,7.4,0.0,0.0,0.0,94.5,0.0,1000.0,0.0,0.0
bz_nbr7008_095,period_1,1,8,0,1,1000.0,10079.29,5412.45,1348.13,4,9809.95,0.0,0.0,0.0,7.28,161.27,0.0,161.27,100.79,0.0,1000.0,0.0,0.0
bz_nbr7008_095,period_2,2,10,0,1,1000.0,8416.52,5412.45,1125.73,4,8169.7,20.71,20.71,0.0,7.28,134.66,0.0,134.66,84.17,0.0,1000.0,0.0,0.0
bz_nbr7008_095,period_2,2,2,0,1,1000.0,9411.76,5412.45,1258.85,3,9310.24,0.0,0.0,0.0,7.4,0.0,0.0,0.0,94.12,0.0,1000.0,0.0,0.0
bz_nbr7008_095,period_2,2,4,0,1,1000.0,9000.68,5412.45,1203.86,4,8528.31,231.07,231.07,0.0,7.28,144.01,0.0,144.01,90.01,0.0,1000.0,0.0,0.0
bz_nbr7008_095,period_2,2,5,0,1,1000.0,9700.28,5412.45,1061.42,4,7690.4,0.0,0.0,0.0,7.25,158.71,0.0,158.71,79.36,1764.56,1000.0,236.01,0.0
bz_nbr7008_095,period_2,2,6,0,1,1000.0,9450.33,5412.45,1264.0,3,9348.42,0.0,0.0,0.0,7.4,0.0,0.0,0.0,94.5,0.0,1000.0,0.0,0.0
bz_nbr7008_095,period_2,2,8,0,1,1000.0,10079.29,5412.45,1146.06,4,7961.73,0.0,0.0,0.0,6.95,514.11,0.0,514.11,85.68,1510.81,1000.0,202.07,0.0
bz_nbr7008_095,period_2,2,12,1,1,110.0,21.41,5412.45,26.03,1,20.59,0.0,0.0,0.0,0.82,0.0,0.0,0.0,0.0,0.0,110.0,0.0,0.82
bz_nbr7008_095,period_2,2,13,1,1,330.0,415.99,5412.45,168.61,1,413.52,0.0,0.0,0.0,2.47,0.0,0.0,0.0,0.0,0.0,330.0,0.0,2.47
bz_nbr7008_095,period_2,2,14,1,1,554.0,101.93,5412.45,24.61,1,97.79,0.0,0.0,0.0,4.14,0.0,0.0,0.0,0.0,0.0,554.0,0.0,4.14
bz_nbr7008_095,period_2,2,15,1,1,200.0,199.74,5412.45,133.58,1,198.24,0.0,0.0,0.0,1.5,0.0,0.0,0.0,0.0,0.0,200.0,0.0,1.5
bz_nbr7008_095,period_2,2,16,1,1,200.0,7.48,5412.45,5.0,1,5.98,0.0,0.0,0.0,1.5,0.0,0.0,0.0,0.0,0.0,200.0,0.0,1.5
bz_nbr7008_095,period_3,3,1,0,1,1000.0,10104.58,5412.45,1351.51,3,9961.95,34.18,34.18,0.0,7.4,0.0,0.0,0.0,101.05,0.0,1000.0,0.0,0.0
bz_nbr7008_095,period_3,3,10,0,1,1000.0,8416.52,5412.45,1125.73,4,7880.2,310.21,310.21,0.0,7.28,134.66,0.0,134.66,84.17,0.0,1000.0,0.0,0.0
bz_nbr7008_095,period_3,3,2,0,1,1000.0,9411.76,5412.45,1258.85,4,8745.98,0.0,0.0,0.0,6.95,564.71,0.0,564.71,94.12,0.0,1000.0,0.0,0.0
bz_nbr7008_095,period_3,3,4,0,1,1000.0,9000.68,5412.45,1203.86,4,8759.38,0.0,0.0,0.0,7.28,144.01,0.0,144.01,90.01,0.0,1000.0,0.0,0.0
bz_nbr7008_095,period_3,3,5,0,1,1000.0,9700.28,5412.45,1297.44,3,9595.88,0.0,0.0,0.0,7.4,0.0,0.0,0.0,97.0,0.0,1000.0,0.0,0.0
bz_nbr7008_095,period_3,3,6,0,1,1000.0,9450.33,5412.45,1264.0,3,9348.42,0.0,0.0,0.0,7.4,0.0,0.0,0.0,94.5,0.0,1000.0,0.0,0.0
bz_nbr7008_095,period_3,3,8,0,1,1000.0,10079.29,5412.45,1107.18,4,8046.38,8.96,8.96,0.0,7.28,132.45,0.0,132.45,82.78,1801.44,1000.0,240.95,0.0
bz_nbr7008_095,period_3,3,12,1,1,554.0,226.38,5412.45,54.66,1,222.24,0.0,0.0,0.0,4.14,0.0,0.0,0.0,0.0,0.0,554.0,0.0,4.14
bz_nbr7008_095,period_3,3,13,1,1,110.0,4.69,5412.45,5.7,1,3.87,0.0,0.0,0.0,0.82,0.0,0.0,0.0,0.0,0.0,110.0,0.0,0.82
bz_nbr7008_095,period_3,3,14,1,1,1000.0,1764.56,5412.45,236.01,3,1739.51,0.0,0.0,0.0,7.4,0.0,0.0,0.0,17.65,0.0,1000.0,0.0,25.05
bz_nbr7008_095,period_3,3,15,1,1,1000.0,1510.81,5412.45,202.07,4,1458.23,0.0,0.0,0.0,7.25,30.22,0.0,30.22,15.11,0.0,1000.0,0.0,52.58
bz_nbr7008_095,period_3,3,16,1,1,554.0,20.71,5412.45,5.0,1,16.57,0.0,0.0,0.0,4.14,0.0,0.0,0.0,0.0,0.0,554.0,0.0,4.14
bz_nbr7008_095,period_4,4,10,0,1,1000.0,8416.52,5412.45,1125.73,4,8050.02,140.38,140.38,0.0,7.28,134.66,0.0,134.66,84.17,0.0,1000.0,0.0,0.0
bz_nbr7008_095,period_4,4,11,0,1,1000.0,10148.98,5412.45,1357.45,4,9814.01,23.24,23.24,0.0,7.25,202.98,0.0,202.98,101.49,0.0,1000.0,0.0,0.0
bz_nbr7008_095,period_4,4,2,0,1,1000.0,9411.76,5412.45,1258.85,3,9290.45,19.79,19.79,0.0,7.4,0.0,0.0,0.0,94.12,0.0,1000.0,0.0,0.0
bz_nbr7008_095,period_4,4,5,0,1,1000.0,9700.28,5412.45,1297.44,3,8623.02,623.91,623.91,0.0,7.13,349.21,0.0,349.21,97.0,0.0,1000.0,0.0,0.0
bz_nbr7008_095,period_4,4,6,0,1,1000.0,9450.33,5412.45,1264.0,3,9348.42,0.0,0.0,0.0,7.4,0.0,0.0,0.0,94.5,0.0,1000.0,0.0,0.0
bz_nbr7008_095,period_4,4,12,1,1,330.0,34.18,5412.45,13.85,1,31.71,0.0,0.0,0.0,2.47,0.0,0.0,0.0,0.0,0.0,330.0,0.0,2.47
bz_nbr7008_095,period_4,4,13,1,1,110.0,8.96,5412.45,10.89,1,8.14,0.0,0.0,0.0,0.82,0.0,0.0,0.0,0.0,0.0,110.0,0.0,0.82
bz_nbr7008_095,period_4,4,14,1,1,1000.0,1801.44,5412.45,240.95,8,1740.14,0.0,0.0,0.0,7.25,36.03,0.0,36.03,18.01,0.0,1000.0,0.0,61.3
bz_nbr7008_095,period_4,4,15,1,1,554.0,310.21,5412.45,74.89,1,306.07,0.0,0.0,0.0,4.14,0.0,0.0,0.0,0.0,0.0,554.0,0.0,4.14
bz_nbr7008_095,period_5,5,2,0,1,1000.0,9411.76,5412.45,1258.85,3,8971.69,0.0,0.0,0.0,7.13,338.82,0.0,338.82,94.12,0.0,1000.0,0.0,0.0
bz_nbr7008_095,period_5,5,3,0,1,1000.0,11126.31,5412.45,1488.17,3,11007.65,0.0,0.0,0.0,7.4,0.0,0.0,0.0,111.26,0.0,1000.0,0.0,0.0
bz_nbr7008_095,period_5,5,5,0,1,1000.0,9700.28,5412.45,1297.44,5,9208.16,0.0,0.0,0.0,7.1,388.01,0.0,388.01,97.0,0.0,1000.0,0.0,0.0
bz_nbr7008_095,period_5,5,6,0,1,1000.0,9450.33,5412.45,1264.0,3,8745.5,262.98,262.98,0.0,7.13,340.21,0.0,340.21,94.5,0.0,1000.0,0.0,0.0
bz_nbr7008_095,period_5,5,7,0,1,1000.0,11315.34,5412.45,1513.45,5,10984.48,210.3,210.3,0.0,7.4,0.0,0.0,0.0,113.15,0.0,1000.0,0.0,0.0
bz_nbr7008_095,period_5,5,9,0,1,1000.0,10904.98,5412.45,1458.57,3,10788.53,0.0,0.0,0.0,7.4,0.0,0.0,0.0,109.05,0.0,1000.0,0.0,0.0
bz_nbr7008_095,period_5,5,12,1,1,330.0,19.79,5412.45,8.02,1,17.32,0.0,0.0,0.0,2.47,0.0,0.0,0.0,0.0,0.0,330.0,0.0,2.47
bz_nbr7008_095,period_5,5,13,1,1,554.0,623.91,5412.45,150.63,1,619.77,0.0,0.0,0.0,4.14,0.0,0.0,0.0,0.0,0.0,554.0,0.0,4.14
bz_nbr7008_095,period_5,5,14,1,1,554.0,20.71,5412.45,5.0,1,16.57,0.0,0.0,0.0,4.14,0.0,0.0,0.0,0.0,0.0,554.0,0.0,4.14
bz_nbr7008_095,period_5,5,15,1,1,110.0,119.67,5412.45,145.51,1,118.85,0.0,0.0,0.0,0.82,0.0,0.0,0.0,0.0,0.0,110.0,0.0,0.82
bz_nbr7008_095,period_5,5,16,1,1,200.0,23.24,5412.45,15.54,1,21.74,0.0,0.0,0.0,1.5,0.0,0.0,0.0,0.0,0.0,200.0,0.0,1.5
