scenario,objective,configuration,retail_y_coefficient,retail_v_coefficient,rolled_leftover_coefficient,instance,new_coils_used_count,new_coils_weight,new_coils_value,new_strip_produced_weight,new_strip_produced_value,new_strip_retail_weight,new_strip_retail_value,new_strip_scrap_weight,new_strip_scrap_value,new_strip_loss_weight,new_strip_loss_value,new_lateral_leftover_weight,new_lateral_leftover_value,new_lateral_retail_weight,new_lateral_retail_value,new_lateral_scrap_weight,new_lateral_scrap_value,new_edge_trim_weight,new_edge_trim_value,new_rolled_leftover_weight,new_rolled_leftover_value,new_partially_used_count,processed_coils_total_count,processed_coils_used_count,processed_coils_weight,processed_coils_value,processed_strip_produced_weight,processed_strip_produced_value,processed_scrap_weight,processed_scrap_value,total_strip_produced_weight,total_strip_produced_value,retails_generated_count,retails_generated_weight,retails_generated_value,reusable_generated_weight,reusable_generated_value,total_scrap_weight,total_scrap_value,total_loss_weight,total_loss_value,new_production_rate,new_reusable_rate,new_scrap_rate,processed_recovery_rate,processed_discard_rate,reuse_dependency_rate,new_coils_weight_baseline_ncv,new_coils_weight_diff_from_ncv,new_coils_weight_pct_diff_from_ncv,new_coils_value_baseline_ncv,new_coils_value_diff_from_ncv,new_coils_value_pct_diff_from_ncv,total_strip_produced_weight_baseline_ncv,total_strip_produced_weight_diff_from_ncv,total_strip_produced_weight_pct_diff_from_ncv,processed_strip_produced_weight_baseline_ncv,processed_strip_produced_weight_diff_from_ncv,processed_strip_produced_weight_pct_diff_from_ncv,reusable_generated_weight_baseline_ncv,reusable_generated_weight_diff_from_ncv,reusable_generated_weight_pct_diff_from_ncv,total_scrap_weight_baseline_ncv,total_scrap_weight_diff_from_ncv,total_scrap_weight_pct_diff_from_ncv,total_scrap_value_baseline_ncv,total_scrap_value_diff_from_ncv,total_scrap_value_pct_diff_from_ncv,total_loss_weight_baseline_ncv,total_loss_weight_diff_from_ncv,total_loss_weight_pct_diff_from_ncv,total_loss_value_baseline_ncv,total_loss_value_diff_from_ncv,total_loss_value_pct_diff_from_ncv,new_production_rate_baseline_ncv,new_production_rate_diff_from_ncv,new_production_rate_pct_diff_from_ncv,new_reusable_rate_baseline_ncv,new_reusable_rate_diff_from_ncv,new_reusable_rate_pct_diff_from_ncv,new_scrap_rate_baseline_ncv,new_scrap_rate_diff_from_ncv,new_scrap_rate_pct_diff_from_ncv,processed_recovery_rate_baseline_ncv,processed_recovery_rate_diff_from_ncv,processed_recovery_rate_pct_diff_from_ncv,reuse_dependency_rate_baseline_ncv,reuse_dependency_rate_diff_from_ncv,reuse_dependency_rate_pct_diff_from_ncv
NCV,new_coils_value,default,,,,bf_qcv_045,197,1551189.35,8028839.890000001,1517852.87,7855145.62,33.58,177.57999999999998,105.63,547.6899999999999,679.61,3496.2799999999997,16668.49,87078.01999999999,0.0,0.0,16668.49,87078.01999999999,15849.380000000001,82395.85,0.0,0.0,0,3,2,33.58,177.57999999999998,30.18,159.6,3.4,17.98,1517883.0499999998,7855305.22,3,33.58,177.57999999999998,33.58,177.58,33306.51,173535.82,33306.51,173535.82,97.85,0.0,2.15,89.87,10.13,0.0,1551189.35,0.0,0.0,8028839.890000001,0.0,0.0,1517883.0499999998,0.0,0.0,30.18,0.0,0.0,33.58,0.0,0.0,33306.51,0.0,0.0,173535.82,0.0,0.0,33306.51,0.0,0.0,173535.82,0.0,0.0,97.85,0.0,0.0,0.0,0.0,0.0,2.15,0.0,0.0,89.87,0.0,0.0,0.0,0.0,0.0
NCV,new_coils_value,default,,,,bf_sae1006_045,240,2021416.46,10276180.28,1952881.45,9928427.48,5402.71,26862.74,400.26,2024.08,834.26,4233.62,42072.33,213672.53,0.0,0.0,42072.33,213672.53,19825.27,100958.84,0.0,0.0,0,14,14,4063.88,20238.95,3934.82,19596.85,129.06,642.1,1956816.27,9948024.34,17,5402.7,26862.7,5402.71,26862.74,63261.18,321531.17,63261.18,321531.17,96.61,0.27,3.12,96.82,3.18,0.2,2021416.46,0.0,0.0,10276180.28,0.0,0.0,1956816.27,0.0,0.0,3934.82,0.0,0.0,5402.71,0.0,0.0,63261.18,0.0,0.0,321531.17,0.0,0.0,63261.18,0.0,0.0,321531.17,0.0,0.0,96.61,0.0,0.0,0.27,0.0,0.0,3.12,0.0,0.0,96.82,0.0,0.0,0.2,0.0,0.0
NCV,new_coils_value,default,,,,bf_sae1006_050,18,155518.83000000002,803245.4199999999,130267.78,672825.27,11731.6,60593.020000000004,67.68,349.56,77.84,402.03,12077.9,62381.630000000005,10974.470000000001,56682.49,1103.43,5699.139999999999,1295.95,6693.51,0.0,0.0,0,12,12,15543.42,80280.83,12614.259999999998,65151.89,2929.1600000000003,15128.93,142882.04,737977.15,15,22706.08,117275.54000000001,22706.07,117275.51,5474.06,28273.17,5474.06,28273.17,83.76,14.6,1.64,81.15,18.85,8.83,155518.83000000002,0.0,0.0,803245.4199999999,0.0,0.0,142882.04,0.0,0.0,12614.259999999998,0.0,0.0,22706.07,0.0,0.0,5474.06,0.0,0.0,28273.17,0.0,0.0,5474.06,0.0,0.0,28273.17,0.0,0.0,83.76,0.0,0.0,14.6,0.0,0.0,1.64,0.0,0.0,81.15,0.0,0.0,8.83,0.0,0.0
NCV,new_coils_value,default,,,,bz_nbr7008_043,89,753878.7,4308626.98,702330.75,4014238.67,13525.83,76351.9,225.82999999999998,1275.99,292.27,1670.21,30112.88,172978.52000000002,0.0,0.0,30112.88,172978.52000000002,7390.92,42110.44,0.0,0.0,0,28,28,11537.82,65193.44,10167.89,57485.509999999995,1369.93,7707.92,712498.64,4071724.18,34,13525.84,76351.95999999999,13525.83,76351.9,39391.83,225743.08,39391.83,225743.08,93.16,1.79,5.04,88.13,11.87,1.43,753878.7,0.0,0.0,4308626.98,0.0,0.0,712498.64,0.0,0.0,10167.89,0.0,0.0,13525.83,0.0,0.0,39391.83,0.0,0.0,225743.08,0.0,0.0,39391.83,0.0,0.0,225743.08,0.0,0.0,93.16,0.0,0.0,1.79,0.0,0.0,5.04,0.0,0.0,88.13,0.0,0.0,1.43,0.0,0.0
NCV,new_coils_value,default,,,,bz_nbr7008_075,27,184719.33000000002,989220.04,165515.28999999998,886377.4,9342.76,50032.9,72.37,387.57,152.63,817.37,5795.1,31034.27,4126.639999999999,22099.23,1668.46,8935.04,1827.0700000000002,9784.439999999999,2014.08,10785.92,1,22,21,13122.060000000001,70272.04000000001,8783.94,47040.28,4338.12,23231.760000000002,174299.23,933417.69,28,15483.49,82918.11,15483.48,82918.05,8058.65,43156.18,8058.65,43156.18,89.6,8.38,2.01,66.94,33.06,5.04,184719.33000000002,0.0,0.0,989220.04,0.0,0.0,174299.23,0.0,0.0,8783.94,0.0,0.0,15483.48,0.0,0.0,8058.65,0.0,0.0,43156.18,0.0,0.0,8058.65,0.0,0.0,43156.18,0.0,0.0,89.6,0.0,0.0,8.38,0.0,0.0,2.01,0.0,0.0,66.94,0.0,0.0,5.04,0.0,0.0
NCV,new_coils_value,default,,,,bz_nbr7008_095,30,288066.3,1559144.4500000002,273770.42,1481768.71,4924.14,26651.66,250.0,1353.1100000000001,218.28,1181.44,4542.35,24585.239999999998,0.0,0.0,4542.35,24585.239999999998,2865.73,15510.62,1495.3,8093.24,1,12,12,6121.21,33130.75,5583.54,30220.62,537.6700000000001,2910.12,279353.96,1511989.3399999999,13,6419.4400000000005,34744.9,6419.44,34744.9,8414.03,45540.53,8414.03,45540.53,95.04,2.23,2.73,91.22,8.78,2.0,288066.3,0.0,0.0,1559144.4500000002,0.0,0.0,279353.96,0.0,0.0,5583.54,0.0,0.0,6419.44,0.0,0.0,8414.03,0.0,0.0,45540.53,0.0,0.0,8414.03,0.0,0.0,45540.53,0.0,0.0,95.04,0.0,0.0,2.23,0.0,0.0,2.73,0.0,0.0,91.22,0.0,0.0,2.0,0.0,0.0
WL-y2-v2-r2,weighted_loss,retail_y_2__retail_v_2__rolled_leftover_2,2.0,2.0,2.0,bf_qcv_045,199,1550560.9100000001,8025521.9,1517575.03,7853663.75,455.67,2249.21,11.81,58.15,686.39,3532.09,15982.53,83622.12,0.0,0.0,15982.53,83622.12,15849.65,82397.57,0.0,0.0,0,10,10,330.81,1636.72,307.97,1519.3899999999999,22.84,117.31,1517883.0,7855183.16,13,455.67,2249.21,455.67,2249.21,32553.22,169727.24,32553.22,169727.24,97.87,0.03,2.1,93.1,6.9,0.02,1551189.35,-628.4399999999441,-0.04,8028839.890000001,-3317.9900000002235,-0.04,1517883.0499999998,-0.049999999813735485,-0.0,30.18,277.79,920.44,33.58,422.09000000000003,1256.97,33306.51,-753.2900000000009,-2.26,173535.82,-3808.5800000000163,-2.19,33306.51,-753.2900000000009,-2.26,173535.82,-3808.5800000000163,-2.19,97.85,0.020000000000010232,0.02,0.0,0.03,0.0,2.15,-0.04999999999999982,-2.33,89.87,3.2299999999999898,3.59,0.0,0.02,0.0
WL-y2-v2-r2,weighted_loss,retail_y_2__retail_v_2__rolled_leftover_2,2.0,2.0,2.0,bf_sae1006_045,250,2020015.43,10302056.56,1946686.42,9929368.84,11237.8,56423.45,41.08,205.88,857.14,4363.15,40457.619999999995,205794.8,3270.14,16178.85,37187.479999999996,189615.95,19745.08,100847.2,990.01,5051.75,1,21,21,11714.85,58778.36,10129.92,50889.95,1584.93,7888.419999999999,1956816.34,9980258.780000001,29,15497.960000000001,77654.1,15497.95,77654.05,59415.71,302920.6,59415.71,302920.6,96.37,0.77,2.86,86.47,13.53,0.52,2021416.46,-1401.030000000028,-0.07,10276180.28,25876.280000001192,0.25,1956816.27,0.07000000006519258,0.0,3934.82,6195.1,157.44,5402.71,10095.240000000002,186.86,63261.18,-3845.470000000001,-6.08,321531.17,-18610.570000000007,-5.79,63261.18,-3845.470000000001,-6.08,321531.17,-18610.570000000007,-5.79,96.61,-0.23999999999999488,-0.25,0.27,0.5,185.19,3.12,-0.26000000000000023,-8.33,96.82,-10.349999999999994,-10.69,0.2,0.32,160.0
WL-y2-v2-r2,weighted_loss,retail_y_2__retail_v_2__rolled_leftover_2,2.0,2.0,2.0,bf_sae1006_050,17,146465.26,756484.26,126683.54,654312.87,1352.14,6983.7300000000005,0.0,0.0,72.42,374.04,11866.32,61288.82,11278.96,58255.15,587.36,3033.67,1176.22,6075.11,5314.62,27449.69,2,19,19,17446.27,90108.94,16198.5,83664.28,1247.77,6444.66,142882.04,737977.15,21,17945.72,92688.56999999999,17945.72,92688.57,3083.77,15927.48,3083.77,15927.48,86.49,12.25,1.25,92.85,7.15,11.34,155518.83000000002,-9053.570000000007,-5.82,803245.4199999999,-46761.159999999916,-5.82,142882.04,0.0,0.0,12614.259999999998,3584.2400000000016,28.41,22706.07,-4760.3499999999985,-20.97,5474.06,-2390.2900000000004,-43.67,28273.17,-12345.689999999999,-43.67,5474.06,-2390.2900000000004,-43.67,28273.17,-12345.689999999999,-43.67,83.76,2.7299999999999898,3.26,14.6,-2.3499999999999996,-16.1,1.64,-0.3899999999999999,-23.78,81.15,11.699999999999989,14.42,8.83,2.51,28.43
WL-y2-v2-r2,weighted_loss,retail_y_2__retail_v_2__rolled_leftover_2,2.0,2.0,2.0,bz_nbr7008_043,99,768240.1699999999,4397691.1899999995,692563.25,3966177.9,6311.8,36505.38,19.87,108.59,316.78,1815.75,56586.78,321246.44,37005.32,207529.87,19581.46,113716.56999999999,7393.66,42125.41,5047.96,29711.32,4,54,51,38377.36,216549.36,19935.440000000002,114405.59,18441.92,102143.77,712498.69,4080583.5,67,48365.09,273746.63,48365.08,273746.57,45753.69,259910.09,45753.69,259910.09,90.15,6.3,3.56,51.95,48.05,2.8,753878.7,14361.469999999972,1.91,4308626.98,89064.20999999903,2.07,712498.64,0.04999999993015081,0.0,10167.89,9767.550000000003,96.06,13525.83,34839.25,257.58,39391.83,6361.860000000001,16.15,225743.08,34167.01000000001,15.14,39391.83,6361.860000000001,16.15,225743.08,34167.01000000001,15.14,93.16,-3.009999999999991,-3.23,1.79,4.51,251.96,5.04,-1.48,-29.37,88.13,-36.17999999999999,-41.05,1.43,1.3699999999999999,95.8
WL-y2-v2-r2,weighted_loss,retail_y_2__retail_v_2__rolled_leftover_2,2.0,2.0,2.0,bz_nbr7008_075,27,185236.4,991989.0800000001,163008.16999999998,872951.14,7877.1,42183.91,13.9,74.44,150.84,807.79,7609.1,40748.71,7467.8,39992.01,141.3,756.7,1804.6599999999999,9664.42,4772.62,25558.63,3,27,27,15202.14,81411.41,11291.07,60466.61,3911.0699999999997,20944.8,174299.24,933417.75,33,20117.52,107734.55,20117.52,107734.55,6021.77,32248.15,6021.77,32248.15,88.0,10.86,1.14,74.27,25.73,6.48,184719.33000000002,517.0699999999779,0.28,989220.04,2769.0400000000373,0.28,174299.23,0.009999999980209395,0.0,8783.94,2507.129999999999,28.54,15483.48,4634.040000000001,29.93,8058.65,-2036.8799999999992,-25.28,43156.18,-10908.029999999999,-25.28,8058.65,-2036.8799999999992,-25.28,43156.18,-10908.029999999999,-25.28,89.6,-1.5999999999999943,-1.79,8.38,2.4799999999999986,29.59,2.01,-0.8699999999999999,-43.28,66.94,7.329999999999998,10.95,5.04,1.4400000000000004,28.57
WL-y2-v2-r2,weighted_loss,retail_y_2__retail_v_2__rolled_leftover_2,2.0,2.0,2.0,bz_nbr7008_095,30,288483.44,1561402.19,265599.35,1437543.2,2385.77,12912.869999999999,0.0,0.0,211.72,1145.92,13141.779999999999,71129.22,11255.58,60920.26,1886.1999999999998,10208.96,2841.81,15381.15,4302.950000000001,23289.510000000002,2,23,23,16343.849999999999,88460.26999999999,13754.56,74445.87,2589.29,14014.41,279353.91,1511989.0699999998,28,17944.3,97122.62999999999,17944.3,97122.64,7529.02,40750.44,7529.02,40750.44,92.07,6.22,1.71,84.16,15.84,4.92,288066.3,417.14000000001397,0.14,1559144.4500000002,2257.739999999758,0.14,279353.96,-0.05000000004656613,-0.0,5583.54,8171.0199999999995,146.34,6419.44,11524.86,179.53,8414.03,-885.0100000000002,-10.52,45540.53,-4790.0899999999965,-10.52,8414.03,-885.0100000000002,-10.52,45540.53,-4790.0899999999965,-10.52,95.04,-2.970000000000013,-3.13,2.23,3.9899999999999998,178.92,2.73,-1.02,-37.36,91.22,-7.060000000000002,-7.74,2.0,2.92,146.0
WL-y2-v2-r4,weighted_loss,retail_y_2__retail_v_2__rolled_leftover_4,2.0,2.0,4.0,bf_qcv_045,199,1550703.87,8026332.29,1517643.9100000001,7854015.48,248.60999999999999,1293.38,11.68,58.769999999999996,686.12,3530.76,16265.26,85043.23,0.0,0.0,16265.26,85043.23,15848.630000000001,82392.52,0.0,0.0,0,4,4,248.60999999999999,1293.38,239.14000000000001,1244.06,9.469999999999999,49.33,1517883.05,7855259.54,4,248.60999999999999,1293.38,248.61,1293.38,32821.16,171074.61,32821.16,171074.61,97.87,0.02,2.12,96.19,3.81,0.02,1551189.35,-485.4799999999814,-0.03,8028839.890000001,-2507.600000000559,-0.03,1517883.0499999998,2.3283064365386963e-10,0.0,30.18,208.96,692.38,33.58,215.03000000000003,640.35,33306.51,-485.34999999999854,-1.46,173535.82,-2461.210000000021,-1.42,33306.51,-485.34999999999854,-1.46,173535.82,-2461.210000000021,-1.42,97.85,0.020000000000010232,0.02,0.0,0.02,0.0,2.15,-0.029999999999999805,-1.4,89.87,6.319999999999993,7.03,0.0,0.02,0.0
WL-y2-v2-r4,weighted_loss,retail_y_2__retail_v_2__rolled_leftover_4,2.0,2.0,4.0,bf_sae1006_045,251,2014685.15,10298844.989999998,1948797.6400000001,9962503.25,8378.89,41833.39,38.980000000000004,195.28,850.01,4336.52,36553.649999999994,187248.7,1928.42,9840.21,34625.229999999996,177408.49,20065.54,102725.54000000001,0.0,0.0,0,23,23,8411.310000000001,42250.94,8018.68,40262.58,392.63000000000005,1988.3700000000001,1956816.32,10002765.83,30,10307.310000000001,51673.59,10307.31,51673.6,55972.39,286654.2,55972.39,286654.2,96.73,0.51,2.76,95.33,4.67,0.41,2021416.46,-6731.310000000056,-0.33,10276180.28,22664.70999999903,0.22,1956816.27,0.05000000004656613,0.0,3934.82,4083.86,103.79,5402.71,4904.599999999999,90.78,63261.18,-7288.790000000001,-11.52,321531.17,-34876.96999999997,-10.85,63261.18,-7288.790000000001,-11.52,321531.17,-34876.96999999997,-10.85,96.61,0.12000000000000455,0.12,0.27,0.24,88.89,3.12,-0.3600000000000003,-11.54,96.82,-1.4899999999999949,-1.54,0.2,0.20999999999999996,105.0
WL-y2-v2-r4,weighted_loss,retail_y_2__retail_v_2__rolled_leftover_4,2.0,2.0,4.0,bf_sae1006_050,17,146482.73,756574.5,117996.06,609442.5700000001,2508.19,12954.66,0.0,0.0,65.72,339.44,24692.079999999998,127533.11,24291.18,125462.49,400.9,2070.62,1220.65,6304.59,0.0,0.0,0,21,21,26273.2,135699.5,24885.97,128534.54,1387.23,7164.96,142882.03,737977.11,23,26799.37,138417.14,26799.37,138417.15,3074.5,15879.61,3074.5,15879.61,80.55,18.3,1.15,94.72,5.28,17.42,155518.83000000002,-9036.100000000006,-5.81,803245.4199999999,-46670.919999999925,-5.81,142882.04,-0.010000000009313226,-0.0,12614.259999999998,12271.710000000003,97.28,22706.07,4093.2999999999993,18.03,5474.06,-2399.5600000000004,-43.84,28273.17,-12393.559999999998,-43.84,5474.06,-2399.5600000000004,-43.84,28273.17,-12393.559999999998,-43.84,83.76,-3.210000000000008,-3.83,14.6,3.700000000000001,25.34,1.64,-0.49,-29.88,81.15,13.569999999999993,16.72,8.83,8.590000000000002,97.28
WL-y2-v2-r4,weighted_loss,retail_y_2__retail_v_2__rolled_leftover_4,2.0,2.0,4.0,bz_nbr7008_043,98,773709.26,4413018.609999999,696018.74,3974495.1100000003,10763.26,60878.89,118.06,662.5,305.68,1744.36,58893.49,331996.32,42741.47,238899.71000000002,16152.02,93096.61,7609.96,43241.05,0.0,0.0,0,53,46,42826.38,240735.9,16479.95,94584.66,26346.43,146151.22,712498.69,4069079.78,67,53504.729999999996,299778.63,53504.73,299778.6,50532.15,284895.74,50532.15,284895.74,89.96,6.92,3.13,38.48,61.52,2.31,753878.7,19830.560000000056,2.63,4308626.98,104391.62999999896,2.42,712498.64,0.04999999993015081,0.0,10167.89,6312.060000000001,62.08,13525.83,39978.9,295.57,39391.83,11140.32,28.28,225743.08,59152.66,26.2,39391.83,11140.32,28.28,225743.08,59152.66,26.2,93.16,-3.200000000000003,-3.43,1.79,5.13,286.59,5.04,-1.9100000000000001,-37.9,88.13,-49.65,-56.34,1.43,0.8800000000000001,61.54
WL-y2-v2-r4,weighted_loss,retail_y_2__retail_v_2__rolled_leftover_4,2.0,2.0,4.0,bz_nbr7008_075,28,188749.0,1010799.97,158012.7,846199.1,16540.36,88577.93,0.0,0.0,153.01,819.41,12155.42,65095.43,12039.39,64474.07,116.03,621.38,1887.52,10108.16,0.0,0.0,0,30,29,22636.29,121223.22,16286.56,87218.76000000001,6349.73,34004.45,174299.26,933417.86,38,28579.739999999998,153051.94,28579.75,153052.0,8506.29,45553.4,8506.29,45553.4,83.72,15.14,1.14,71.95,28.05,9.34,184719.33000000002,4029.6699999999837,2.18,989220.04,21579.929999999935,2.18,174299.23,0.029999999998835847,0.0,8783.94,7502.619999999999,85.41,15483.48,13096.27,84.58,8058.65,447.64000000000124,5.55,43156.18,2397.220000000001,5.55,8058.65,447.64000000000124,5.55,43156.18,2397.220000000001,5.55,89.6,-5.8799999999999955,-6.56,8.38,6.76,80.67,2.01,-0.8699999999999999,-43.28,66.94,5.010000000000005,7.48,5.04,4.3,85.32
WL-y2-v2-r4,weighted_loss,retail_y_2__retail_v_2__rolled_leftover_4,2.0,2.0,4.0,bz_nbr7008_095,30,288586.83999999997,1561961.85,264989.74,1434243.71,7022.639999999999,38009.69,5.86,31.72,211.87,1146.74,13470.82,72910.15,11545.49,62489.39,1925.33,10420.76,2885.87,15619.63,0.0,0.0,0,28,28,16871.4,91315.61,14364.18,77745.4,2507.2200000000003,13570.199999999999,279353.92000000004,1511989.13,31,18568.12,100499.01999999999,18568.13,100499.08,7536.15,40789.05,7536.15,40789.05,91.82,6.43,1.74,85.14,14.86,5.14,288066.3,520.539999999979,0.18,1559144.4500000002,2817.399999999907,0.18,279353.96,-0.03999999997904524,-0.0,5583.54,8780.64,157.26,6419.44,12148.690000000002,189.25,8414.03,-877.880000000001,-10.43,45540.53,-4751.479999999996,-10.43,8414.03,-877.880000000001,-10.43,45540.53,-4751.479999999996,-10.43,95.04,-3.220000000000013,-3.39,2.23,4.199999999999999,188.34,2.73,-0.99,-36.26,91.22,-6.079999999999998,-6.67,2.0,3.1399999999999997,157.0
WL-y2-v4-r2,weighted_loss,retail_y_2__retail_v_4__rolled_leftover_2,2.0,4.0,2.0,bf_qcv_045,200,1550451.63,8025017.5,1517771.88,7854661.25,122.00999999999999,605.46,34.01,170.84,689.79,3550.06,15985.26,83636.93,0.0,0.0,15985.26,83636.93,15848.84,82393.88,0.0,0.0,0,5,4,122.00999999999999,605.46,111.04,548.53,10.969999999999999,56.93,1517882.92,7855209.78,5,122.00999999999999,605.46,122.01,605.46,32568.87,169808.64,32568.87,169808.64,97.89,0.01,2.1,91.01,8.99,0.01,1551189.35,-737.7200000002049,-0.05,8028839.890000001,-3822.390000000596,-0.05,1517883.0499999998,-0.1299999998882413,-0.0,30.18,80.86000000000001,267.93,33.58,88.43,263.34,33306.51,-737.640000000003,-2.21,173535.82,-3727.179999999993,-2.15,33306.51,-737.640000000003,-2.21,173535.82,-3727.179999999993,-2.15,97.85,0.04000000000000625,0.04,0.0,0.01,0.0,2.15,-0.04999999999999982,-2.33,89.87,1.1400000000000006,1.27,0.0,0.01,0.0
WL-y2-v4-r2,weighted_loss,retail_y_2__retail_v_4__rolled_leftover_2,2.0,4.0,2.0,bf_sae1006_045,243,2022499.16,10296316.14,1945976.83,9908270.14,5493.53,27363.059999999998,169.12,847.28,844.75,4292.860000000001,40127.42,204010.21000000002,0.0,0.0,40127.42,204010.21000000002,19525.940000000002,99559.4,10361.460000000001,51972.53,6,23,23,11323.109999999999,56765.57,10839.52,54358.729999999996,483.59000000000003,2406.8199999999997,1956816.35,9962628.870000001,27,15855.0,79335.65,15854.99,79335.59,61150.82,311116.57,61150.82,311116.57,96.22,0.78,3.0,95.73,4.27,0.55,2021416.46,1082.6999999999534,0.05,10276180.28,20135.860000001267,0.2,1956816.27,0.0800000000745058,0.0,3934.82,6904.700000000001,175.48,5402.71,10452.279999999999,193.46,63261.18,-2110.3600000000006,-3.34,321531.17,-10414.599999999977,-3.24,63261.18,-2110.3600000000006,-3.34,321531.17,-10414.599999999977,-3.24,96.61,-0.39000000000000057,-0.4,0.27,0.51,188.89,3.12,-0.1200000000000001,-3.85,96.82,-1.0899999999999892,-1.13,0.2,0.35000000000000003,175.0
WL-y2-v4-r2,weighted_loss,retail_y_2__retail_v_4__rolled_leftover_2,2.0,4.0,2.0,bf_sae1006_050,17,146465.26,756484.26,126718.81,654495.05,1320.62,6820.93,0.0,0.0,72.42,374.04,11869.550000000001,61305.5,11282.19,58271.83,587.36,3033.67,1176.28,6075.42,5307.58,27413.33,3,25,25,17423.98,89993.8,16163.23,83482.12,1260.75,6511.7,142882.04,737977.16,27,17910.39,92506.08,17910.39,92506.09,3096.81,15994.83,3096.81,15994.83,86.52,12.23,1.25,92.76,7.24,11.31,155518.83000000002,-9053.570000000007,-5.82,803245.4199999999,-46761.159999999916,-5.82,142882.04,0.0,0.0,12614.259999999998,3548.970000000001,28.13,22706.07,-4795.68,-21.12,5474.06,-2377.2500000000005,-43.43,28273.17,-12278.339999999998,-43.43,5474.06,-2377.2500000000005,-43.43,28273.17,-12278.339999999998,-43.43,83.76,2.759999999999991,3.3,14.6,-2.369999999999999,-16.23,1.64,-0.3899999999999999,-23.78,81.15,11.61,14.31,8.83,2.4800000000000004,28.09
WL-y2-v4-r2,weighted_loss,retail_y_2__retail_v_4__rolled_leftover_2,2.0,4.0,2.0,bz_nbr7008_043,95,760786.26,4363945.65,686272.55,3938898.38,2589.94,14926.45,36.980000000000004,205.47,307.96000000000004,1768.2,48615.8,276156.26,30225.3,169233.84,18390.5,106922.42,7189.99,41081.49,15772.99,90909.12,13,45,42,44764.94,253134.18,26226.12,150082.35,18538.82,103051.83,712498.6699999999,4088980.73,52,48588.24,275069.47000000003,48588.23,275069.41,44464.25,253029.41,44464.25,253029.41,90.21,6.39,3.41,58.59,41.41,3.68,753878.7,6907.560000000056,0.92,4308626.98,55318.669999999925,1.28,712498.64,0.029999999911524355,0.0,10167.89,16058.23,157.93,13525.83,35062.4,259.23,39391.83,5072.419999999998,12.88,225743.08,27286.330000000016,12.09,39391.83,5072.419999999998,12.88,225743.08,27286.330000000016,12.09,93.16,-2.950000000000003,-3.17,1.79,4.6,256.98,5.04,-1.63,-32.34,88.13,-29.539999999999992,-33.52,1.43,2.25,157.34
WL-y2-v4-r2,weighted_loss,retail_y_2__retail_v_4__rolled_leftover_2,2.0,4.0,2.0,bz_nbr7008_075,27,184729.83000000002,989276.28,161802.02000000002,866491.88,2654.18,14213.82,2.49,13.34,150.84,807.79,7602.72,40714.55,7468.24,39994.369999999995,134.48,720.1800000000001,1739.54,9315.68,10777.99,57718.94,5,29,29,16770.34,89809.53,12497.21,66925.81,4273.13,22883.73,174299.23,933417.7,35,20900.41,111927.13,20900.41,111927.13,6300.48,33740.72,6300.48,33740.72,87.59,11.31,1.1,74.52,25.48,7.17,184719.33000000002,10.5,0.01,989220.04,56.23999999999069,0.01,174299.23,0.0,0.0,8783.94,3713.2699999999986,42.27,15483.48,5416.93,34.99,8058.65,-1758.17,-21.82,43156.18,-9415.46,-21.82,8058.65,-1758.17,-21.82,43156.18,-9415.46,-21.82,89.6,-2.009999999999991,-2.24,8.38,2.9299999999999997,34.96,2.01,-0.9099999999999997,-45.27,66.94,7.579999999999998,11.32,5.04,2.13,42.26
WL-y2-v4-r2,weighted_loss,retail_y_2__retail_v_4__rolled_leftover_2,2.0,4.0,2.0,bz_nbr7008_095,30,288698.73,1562567.44,262796.41,1422372.42,2237.5,12110.359999999999,0.0,0.0,208.29000000000002,1127.3600000000001,16348.73,88486.68000000001,15361.95,83145.79,986.78,5340.9,2844.36,15394.95,4263.4,23075.440000000002,2,27,27,19660.18,106409.73999999999,16557.510000000002,89616.7,3102.67,16793.05,279353.92,1511989.13,31,21862.85,118331.58,21862.85,118331.59,7142.1,38656.26,7142.1,38656.26,91.03,7.57,1.4,84.22,15.78,5.93,288066.3,632.429999999993,0.22,1559144.4500000002,3422.989999999758,0.22,279353.96,-0.0400000000372529,-0.0,5583.54,10973.970000000001,196.54,6419.44,15443.41,240.57,8414.03,-1271.9300000000003,-15.12,45540.53,-6884.269999999997,-15.12,8414.03,-1271.9300000000003,-15.12,45540.53,-6884.269999999997,-15.12,95.04,-4.010000000000005,-4.22,2.23,5.34,239.46,2.73,-1.33,-48.72,91.22,-7.0,-7.67,2.0,3.9299999999999997,196.5
WL-y2-v4-r4,weighted_loss,retail_y_2__retail_v_4__rolled_leftover_4,2.0,4.0,4.0,bf_qcv_045,197,1551051.55,8028110.04,1517627.01,7853976.1,313.96,1609.3600000000001,14.34,73.17,679.72,3496.88,16567.79,86562.19,0.0,0.0,16567.79,86562.19,15848.98,82393.76000000001,0.0,0.0,0,6,6,266.64,1375.73,255.98000000000002,1322.0500000000002,10.66,53.68,1517882.99,7855298.15,9,313.96,1609.3600000000001,313.96,1609.36,33121.49,172579.68,33121.49,172579.68,97.85,0.02,2.13,96.0,4.0,0.02,1551189.35,-137.80000000004657,-0.01,8028839.890000001,-729.8500000005588,-0.01,1517883.0499999998,-0.05999999982304871,-0.0,30.18,225.8,748.18,33.58,280.38,834.96,33306.51,-185.02000000000407,-0.56,173535.82,-956.140000000014,-0.55,33306.51,-185.02000000000407,-0.56,173535.82,-956.140000000014,-0.55,97.85,0.0,0.0,0.0,0.02,0.0,2.15,-0.020000000000000018,-0.93,89.87,6.1299999999999955,6.82,0.0,0.02,0.0
WL-y2-v4-r4,weighted_loss,retail_y_2__retail_v_4__rolled_leftover_4,2.0,4.0,4.0,bf_sae1006_045,249,2018119.3699999999,10308196.8,1948410.48,9953293.34,8919.630000000001,44351.1,46.15,233.10000000000002,845.2,4310.219999999999,39956.04,203998.94,2650.55,13113.46,37305.490000000005,190885.47,19941.52,102008.28,0.0,0.0,0,25,25,9241.19,45928.68,8405.85,41770.54,835.34,4158.139999999999,1956816.33,9995063.870000001,32,11570.19,57464.61,11570.18,57464.56,58973.7,301595.21,58973.7,301595.21,96.55,0.57,2.88,90.96,9.04,0.43,2021416.46,-3297.090000000084,-0.16,10276180.28,32016.520000001416,0.31,1956816.27,0.060000000055879354,0.0,3934.82,4471.030000000001,113.63,5402.71,6167.47,114.16,63261.18,-4287.480000000003,-6.78,321531.17,-19935.959999999963,-6.2,63261.18,-4287.480000000003,-6.78,321531.17,-19935.959999999963,-6.2,96.61,-0.060000000000002274,-0.06,0.27,0.29999999999999993,111.11,3.12,-0.2400000000000002,-7.69,96.82,-5.859999999999999,-6.05,0.2,0.22999999999999998,115.0
WL-y2-v4-r4,weighted_loss,retail_y_2__retail_v_4__rolled_leftover_4,2.0,4.0,4.0,bf_sae1006_050,17,146482.72999999998,756574.5,126607.64000000001,653920.86,1693.87,8748.74,0.0,0.0,70.72,365.26,15938.01,82318.87,15261.09,78822.62,676.92,3496.25,1212.6599999999999,6263.32,959.81,4957.36,1,18,18,17391.54,89826.25,16274.38,84056.2,1117.16,5770.070000000001,142882.02,737977.06,20,17914.77,92528.7,17914.77,92528.72,3077.46,15894.9,3077.46,15894.9,86.43,12.23,1.34,93.58,6.42,11.39,155518.83000000002,-9036.100000000035,-5.81,803245.4199999999,-46670.919999999925,-5.81,142882.04,-0.02000000001862645,-0.0,12614.259999999998,3660.120000000001,29.02,22706.07,-4791.299999999999,-21.1,5474.06,-2396.6000000000004,-43.78,28273.17,-12378.269999999999,-43.78,5474.06,-2396.6000000000004,-43.78,28273.17,-12378.269999999999,-43.78,83.76,2.6700000000000017,3.19,14.6,-2.369999999999999,-16.23,1.64,-0.2999999999999998,-18.29,81.15,12.429999999999993,15.32,8.83,2.5600000000000005,28.99
WL-y2-v4-r4,weighted_loss,retail_y_2__retail_v_4__rolled_leftover_4,2.0,4.0,4.0,bz_nbr7008_043,95,765897.3400000001,4412226.0,693897.9299999999,3998969.76,8412.63,48463.58,18.509999999999998,102.86,312.90999999999997,1805.09,55994.81,321230.88,36901.049999999996,210128.21,19093.760000000002,111102.66,7260.54,41653.81,0.0,0.0,0,55,47,39966.11,227462.72,18600.86,107274.82,21365.25,120187.89,712498.79,4106244.57,63,45313.67,258591.75,45313.68,258591.79,48050.97,274852.31,48050.97,274852.31,90.6,5.92,3.48,46.54,53.46,2.61,753878.7,12018.64000000013,1.59,4308626.98,103599.01999999955,2.4,712498.64,0.15000000002328306,0.0,10167.89,8432.970000000001,82.94,13525.83,31787.85,235.02,39391.83,8659.14,21.98,225743.08,49109.23000000001,21.75,39391.83,8659.14,21.98,225743.08,49109.23000000001,21.75,93.16,-2.5600000000000023,-2.75,1.79,4.13,230.73,5.04,-1.56,-30.95,88.13,-41.589999999999996,-47.19,1.43,1.18,82.52
WL-y2-v4-r4,weighted_loss,retail_y_2__retail_v_4__rolled_leftover_4,2.0,4.0,4.0,bz_nbr7008_075,28,187930.07,1006414.39,157939.46000000002,845806.88,9880.0,52909.97,0.0,0.0,148.54,795.47,18082.79,96838.04,17953.9,96147.81,128.89,690.24,1879.3400000000001,10064.35,0.0,0.0,0,30,29,22860.27,122422.68,16359.810000000001,87611.03,6500.46,34811.66,174299.27000000002,933417.92,38,27833.89,149057.71,27833.9,149057.78,8657.23,46361.72,8657.23,46361.72,84.04,14.81,1.15,71.56,28.44,9.39,184719.33000000002,3210.7399999999907,1.74,989220.04,17194.349999999977,1.74,174299.23,0.04000000000814907,0.0,8783.94,7575.870000000001,86.25,15483.48,12350.420000000002,79.77,8058.65,598.5799999999999,7.43,43156.18,3205.540000000001,7.43,8058.65,598.5799999999999,7.43,43156.18,3205.540000000001,7.43,89.6,-5.559999999999988,-6.21,8.38,6.43,76.73,2.01,-0.8599999999999999,-42.79,66.94,4.6200000000000045,6.9,5.04,4.3500000000000005,86.31
WL-y2-v4-r4,weighted_loss,retail_y_2__retail_v_4__rolled_leftover_4,2.0,4.0,4.0,bz_nbr7008_095,30,287370.4,1555377.92,259282.86,1403355.5,4144.500000000001,22431.9,0.0,0.0,205.76,1113.67,20863.55,112922.92,19855.34,107466.03,1008.21,5456.889999999999,2873.71,15553.81,0.0,0.0,0,33,33,23861.55,129149.45,20071.04,108633.5,3790.5099999999998,20515.95,279353.9,1511989.02,37,23999.85,129897.98999999999,23999.84,129897.93,7878.19,42640.32,7878.19,42640.32,90.23,8.35,1.42,84.11,15.89,7.18,288066.3,-695.8999999999651,-0.24,1559144.4500000002,-3766.5300000002608,-0.24,279353.96,-0.059999999997671694,-0.0,5583.54,14487.5,259.47,6419.44,17580.4,273.86,8414.03,-535.840000000001,-6.37,45540.53,-2900.209999999999,-6.37,8414.03,-535.840000000001,-6.37,45540.53,-2900.209999999999,-6.37,95.04,-4.810000000000002,-5.06,2.23,6.119999999999999,274.44,2.73,-1.31,-47.99,91.22,-7.109999999999999,-7.79,2.0,5.18,259.0
WL-y4-v2-r2,weighted_loss,retail_y_4__retail_v_2__rolled_leftover_2,4.0,2.0,2.0,bf_qcv_045,199,1550510.2,8025319.41,1517675.7,7854195.83,291.6,1443.95,22.86,119.25,686.19,3531.0699999999997,15984.57,83633.25,0.0,0.0,15984.57,83633.25,15849.44,82396.98,0.0,0.0,0,6,6,221.51,1080.91,207.33,1011.0799999999999,14.18,69.83,1517883.03,7855206.91,9,291.6,1443.95,291.6,1443.95,32557.24,169750.38,32557.24,169750.38,97.88,0.02,2.1,93.6,6.4,0.01,1551189.35,-679.1500000001397,-0.04,8028839.890000001,-3520.480000000447,-0.04,1517883.0499999998,-0.019999999785795808,-0.0,30.18,177.15,586.98,33.58,258.02000000000004,768.37,33306.51,-749.2700000000004,-2.25,173535.82,-3785.4400000000023,-2.18,33306.51,-749.2700000000004,-2.25,173535.82,-3785.4400000000023,-2.18,97.85,0.030000000000001137,0.03,0.0,0.02,0.0,2.15,-0.04999999999999982,-2.33,89.87,3.7299999999999898,4.15,0.0,0.01,0.0
WL-y4-v2-r2,weighted_loss,retail_y_4__retail_v_2__rolled_leftover_2,4.0,2.0,2.0,bf_sae1006_045,250,2020274.9,10293774.79,1945854.18,9916335.719999999,10845.69,54118.53,26.15,130.71,860.93,4378.610000000001,39730.91,202183.19,0.0,0.0,39730.91,202183.19,19618.67,100111.51000000001,3338.21,16515.62,2,25,25,11168.81,55708.33,10962.15,54682.02,206.66000000000003,1026.31,1956816.33,9971017.73,32,14183.900000000001,70634.16,14183.9,70634.15,60443.32,307830.33,60443.32,307830.33,96.32,0.7,2.98,98.15,1.85,0.56,2021416.46,-1141.5600000000559,-0.06,10276180.28,17594.509999999776,0.17,1956816.27,0.060000000055879354,0.0,3934.82,7027.33,178.59,5402.71,8781.189999999999,162.53,63261.18,-2817.8600000000006,-4.45,321531.17,-13700.839999999967,-4.26,63261.18,-2817.8600000000006,-4.45,321531.17,-13700.839999999967,-4.26,96.61,-0.29000000000000625,-0.3,0.27,0.42999999999999994,159.26,3.12,-0.14000000000000012,-4.49,96.82,1.3300000000000125,1.37,0.2,0.36000000000000004,180.0
WL-y4-v2-r2,weighted_loss,retail_y_4__retail_v_2__rolled_leftover_2,4.0,2.0,2.0,bf_sae1006_050,17,147267.63,760628.46,126597.79000000001,653869.98,2882.52,14888.039999999999,0.0,0.0,78.59,405.92,1619.09,8362.51,0.0,0.0,1619.09,8362.51,1102.31,5693.37,14987.32,77408.61,5,8,8,16611.02,85794.92,16284.27,84107.27,326.75,1687.65,142882.06,737977.27,13,17869.86,92296.75,17869.84,92296.65,3126.74,16149.45,3126.74,16149.45,85.96,12.13,1.9,98.03,1.97,11.4,155518.83000000002,-8251.200000000012,-5.31,803245.4199999999,-42616.95999999996,-5.31,142882.04,0.01999999998952262,0.0,12614.259999999998,3670.010000000002,29.09,22706.07,-4836.23,-21.3,5474.06,-2347.3200000000006,-42.88,28273.17,-12123.719999999998,-42.88,5474.06,-2347.3200000000006,-42.88,28273.17,-12123.719999999998,-42.88,83.76,2.1999999999999886,2.63,14.6,-2.469999999999999,-16.92,1.64,0.26,15.85,81.15,16.879999999999995,20.8,8.83,2.5700000000000003,29.11
WL-y4-v2-r2,weighted_loss,retail_y_4__retail_v_2__rolled_leftover_2,4.0,2.0,2.0,bz_nbr7008_043,92,758710.61,4347798.220000001,697080.53,3995438.45,14134.849999999999,80833.22,71.47,390.6,305.27,1749.4,29442.14,168388.03,3248.8199999999997,17755.52,26193.32,150632.52,7263.3,41488.54,10412.89,59509.09,7,38,38,17256.97,98859.67,15418.21,88689.48,1838.7599999999998,10170.18,712498.74,4084127.9400000004,51,27796.559999999998,158097.83000000002,27796.56,158097.83,35672.12,204431.24,35672.12,204431.24,91.88,3.66,4.46,89.34,10.66,2.16,753878.7,4831.910000000033,0.64,4308626.98,39171.24000000022,0.91,712498.64,0.09999999997671694,0.0,10167.89,5250.32,51.64,13525.83,14270.730000000001,105.51,39391.83,-3719.709999999999,-9.44,225743.08,-21311.839999999997,-9.44,39391.83,-3719.709999999999,-9.44,225743.08,-21311.839999999997,-9.44,93.16,-1.2800000000000011,-1.37,1.79,1.87,104.47,5.04,-0.5800000000000001,-11.51,88.13,1.210000000000008,1.37,1.43,0.7300000000000002,51.05
WL-y4-v2-r2,weighted_loss,retail_y_4__retail_v_2__rolled_leftover_2,4.0,2.0,2.0,bz_nbr7008_075,28,188791.91,1011029.76,161737.01,866143.75,11095.32,59418.32000000001,0.0,0.0,158.5,848.81,5403.7699999999995,28938.579999999998,4889.8,26186.15,513.97,2752.44,1801.99,9650.14,8595.33,46030.23,4,35,35,17283.03,92555.12,12562.25,67274.11,4720.78,25281.01,174299.26,933417.87,44,24580.440000000002,131634.65,24580.45,131634.7,7195.24,38532.4,7195.24,38532.4,85.67,13.02,1.31,72.69,27.31,7.21,184719.33000000002,4072.579999999987,2.2,989220.04,21809.719999999972,2.2,174299.23,0.029999999998835847,0.0,8783.94,3778.3099999999995,43.01,15483.48,9096.970000000001,58.75,8058.65,-863.4099999999999,-10.71,43156.18,-4623.779999999999,-10.71,8058.65,-863.4099999999999,-10.71,43156.18,-4623.779999999999,-10.71,89.6,-3.9299999999999926,-4.39,8.38,4.639999999999999,55.37,2.01,-0.6999999999999997,-34.83,66.94,5.75,8.59,5.04,2.17,43.06
WL-y4-v2-r2,weighted_loss,retail_y_4__retail_v_2__rolled_leftover_2,4.0,2.0,2.0,bz_nbr7008_095,30,287722.33,1557282.73,272280.49,1473704.54,2648.85,14336.77,0.0,0.0,218.13,1180.63,4671.49,25284.2,0.0,0.0,4671.49,25284.2,2826.4700000000003,15298.14,5076.8099999999995,27477.98,3,17,17,7244.09,39208.270000000004,7073.41,38284.47,170.68,923.79,279353.9,1511989.02,28,7725.66,41814.74,7725.66,41814.75,7886.77,42686.76,7886.77,42686.76,94.63,2.69,2.68,97.64,2.36,2.53,288066.3,-343.96999999997206,-0.12,1559144.4500000002,-1861.720000000205,-0.12,279353.96,-0.059999999997671694,-0.0,5583.54,1489.87,26.68,6419.44,1306.2200000000003,20.35,8414.03,-527.2600000000002,-6.27,45540.53,-2853.769999999997,-6.27,8414.03,-527.2600000000002,-6.27,45540.53,-2853.769999999997,-6.27,95.04,-0.4100000000000108,-0.43,2.23,0.45999999999999996,20.63,2.73,-0.04999999999999982,-1.83,91.22,6.420000000000002,7.04,2.0,0.5299999999999998,26.5
WL-y4-v2-r4,weighted_loss,retail_y_4__retail_v_2__rolled_leftover_4,4.0,2.0,4.0,bf_qcv_045,199,1550755.9100000001,8026587.8,1517798.28,7854821.609999999,120.13,611.47,15.77,79.58,686.4,3532.19,16286.55,85149.86,0.0,0.0,16286.55,85149.86,15848.8,82393.25,0.0,0.0,0,7,6,95.19,486.22,84.63,432.27,10.56,53.95,1517882.91,7855253.88,10,120.13,611.47,120.13,611.47,32848.08,171208.83,32848.08,171208.83,97.87,0.01,2.12,88.91,11.09,0.01,1551189.35,-433.4399999999441,-0.03,8028839.890000001,-2252.0900000007823,-0.03,1517883.0499999998,-0.13999999989755452,-0.0,30.18,54.449999999999996,180.42,33.58,86.55,257.74,33306.51,-458.4300000000003,-1.38,173535.82,-2326.99000000002,-1.34,33306.51,-458.4300000000003,-1.38,173535.82,-2326.99000000002,-1.34,97.85,0.020000000000010232,0.02,0.0,0.01,0.0,2.15,-0.029999999999999805,-1.4,89.87,-0.960000000000008,-1.07,0.0,0.01,0.0
WL-y4-v2-r4,weighted_loss,retail_y_4__retail_v_2__rolled_leftover_4,4.0,2.0,4.0,bf_sae1006_045,248,2016641.23,10310160.68,1947873.3,9959505.33,12370.38,61804.6,27.15,135.96,839.97,4285.69,35475.2,181744.75,0.0,0.0,35475.2,181744.75,20054.73,102681.77,0.0,0.0,0,29,29,9129.23,45700.4,8942.96,44776.24,186.26999999999998,924.16,1956816.26,10004281.57,38,12370.380000000001,61804.600000000006,12370.38,61804.6,56583.32,289772.33,56583.32,289772.33,96.59,0.61,2.8,97.96,2.04,0.46,2021416.46,-4775.229999999981,-0.24,10276180.28,33980.40000000037,0.33,1956816.27,-0.010000000009313226,-0.0,3934.82,5008.139999999999,127.28,5402.71,6967.669999999999,128.97,63261.18,-6677.860000000001,-10.56,321531.17,-31758.839999999967,-9.88,63261.18,-6677.860000000001,-10.56,321531.17,-31758.839999999967,-9.88,96.61,-0.01999999999999602,-0.02,0.27,0.33999999999999997,125.93,3.12,-0.3200000000000003,-10.26,96.82,1.1400000000000006,1.18,0.2,0.26,130.0
WL-y4-v2-r4,weighted_loss,retail_y_4__retail_v_2__rolled_leftover_4,4.0,2.0,4.0,bf_sae1006_050,17,147267.63,760628.46,126830.86000000002,655073.79,17369.91,89714.53,0.0,0.0,78.65,406.22,1760.97,9095.310000000001,0.0,0.0,1760.97,9095.310000000001,1227.18,6338.32,0.0,0.0,0,17,17,16327.98,84333.04000000001,16051.130000000001,82903.12,276.85,1429.92,142881.99,737976.9,19,17369.9,89714.49,17369.91,89714.53,3343.65,17269.77,3343.65,17269.77,86.12,11.79,2.08,98.3,1.7,11.23,155518.83000000002,-8251.200000000012,-5.31,803245.4199999999,-42616.95999999996,-5.31,142882.04,-0.0500000000174623,-0.0,12614.259999999998,3436.8700000000026,27.25,22706.07,-5336.16,-23.5,5474.06,-2130.4100000000003,-38.92,28273.17,-11003.399999999998,-38.92,5474.06,-2130.4100000000003,-38.92,28273.17,-11003.399999999998,-38.92,83.76,2.3599999999999994,2.82,14.6,-2.8100000000000005,-19.25,1.64,0.44000000000000017,26.83,81.15,17.14999999999999,21.13,8.83,2.4000000000000004,27.18
WL-y4-v2-r4,weighted_loss,retail_y_4__retail_v_2__rolled_leftover_4,4.0,2.0,4.0,bz_nbr7008_043,92,753060.36,4335928.23,693693.44,3993939.61,21069.21,121574.87000000001,94.91999999999999,548.78,311.29999999999995,1793.15,30720.170000000002,176932.66,3079.23,16828.66,27640.940000000002,160104.0,7171.17,41138.29,0.0,0.0,0,37,37,19764.23,113486.3,18805.22,108154.7,959.0100000000001,5331.6,712498.66,4102094.31,46,24148.45,138403.61000000002,24148.44,138403.53,36177.34,208915.82,36177.34,208915.82,92.12,3.21,4.68,95.15,4.85,2.64,753878.7,-818.3399999999674,-0.11,4308626.98,27301.25,0.63,712498.64,0.02000000001862645,0.0,10167.89,8637.330000000002,84.95,13525.83,10622.609999999999,78.54,39391.83,-3214.4900000000052,-8.16,225743.08,-16827.25999999998,-7.45,39391.83,-3214.4900000000052,-8.16,225743.08,-16827.25999999998,-7.45,93.16,-1.039999999999992,-1.12,1.79,1.42,79.33,5.04,-0.3600000000000003,-7.14,88.13,7.02000000000001,7.97,1.43,1.2100000000000002,84.62
WL-y4-v2-r4,weighted_loss,retail_y_4__retail_v_2__rolled_leftover_4,4.0,2.0,4.0,bz_nbr7008_075,28,192340.72,1030034.5700000001,160363.54,858788.45,24333.55,130312.49,5.13,27.47,158.8,850.4200000000001,5556.23,29755.059999999998,4903.49,26259.46,652.74,3495.58,1923.44,10300.53,0.0,0.0,0,45,45,21696.13,116188.43,13935.650000000001,74629.03,7760.48,41559.39,174299.19,933417.49,55,29237.07,156572.12,29237.04,156571.95,10500.59,56233.39,10500.59,56233.39,83.37,15.2,1.42,64.23,35.77,8.0,184719.33000000002,7621.389999999985,4.13,989220.04,40814.53000000003,4.13,174299.23,-0.04000000000814907,-0.0,8783.94,5151.710000000001,58.65,15483.48,13753.560000000001,88.83,8058.65,2441.9400000000005,30.3,43156.18,13077.21,30.3,8058.65,2441.9400000000005,30.3,43156.18,13077.21,30.3,89.6,-6.22999999999999,-6.95,8.38,6.8199999999999985,81.38,2.01,-0.5899999999999999,-29.35,66.94,-2.7099999999999937,-4.05,5.04,2.96,58.73
WL-y4-v2-r4,weighted_loss,retail_y_4__retail_v_2__rolled_leftover_4,4.0,2.0,4.0,bz_nbr7008_095,30,287310.7,1555054.8,272392.34,1474309.92,7130.530000000001,38593.64,22.51,121.83,218.13,1180.63,4673.98,25297.68,0.0,0.0,4673.98,25297.68,2873.13,15550.68,0.0,0.0,0,20,20,7073.71,38286.1,6961.570000000001,37679.15,112.14,606.95,279353.91000000003,1511989.06,22,7130.530000000001,38593.64,7130.53,38593.64,7899.89,42757.77,7899.89,42757.77,94.81,2.48,2.71,98.41,1.59,2.49,288066.3,-755.5999999999767,-0.26,1559144.4500000002,-4089.6500000001397,-0.26,279353.96,-0.04999999998835847,-0.0,5583.54,1378.0300000000007,24.68,6419.44,711.0900000000001,11.08,8414.03,-514.1400000000003,-6.11,45540.53,-2782.760000000002,-6.11,8414.03,-514.1400000000003,-6.11,45540.53,-2782.760000000002,-6.11,95.04,-0.23000000000000398,-0.24,2.23,0.25,11.21,2.73,-0.020000000000000018,-0.73,91.22,7.189999999999998,7.88,2.0,0.4900000000000002,24.5
WL-y4-v4-r2,weighted_loss,retail_y_4__retail_v_4__rolled_leftover_2,4.0,4.0,2.0,bf_qcv_045,200,1550482.9,8025187.51,1517712.3399999999,7854373.49,214.76,1068.8,31.369999999999997,161.44,689.59,3549.0600000000004,15985.87,83640.18,0.0,0.0,15985.87,83640.18,15849.189999999999,82395.78,0.0,0.0,0,5,5,182.10999999999999,900.1,170.68,842.79,11.43,57.31,1517883.02,7855216.28,8,214.76,1068.8,214.76,1068.8,32567.45,169803.77,32567.45,169803.77,97.89,0.01,2.1,93.72,6.28,0.01,1551189.35,-706.4500000001863,-0.05,8028839.890000001,-3652.3800000008196,-0.05,1517883.0499999998,-0.029999999795109034,-0.0,30.18,140.5,465.54,33.58,181.18,539.55,33306.51,-739.0600000000013,-2.22,173535.82,-3732.0500000000175,-2.15,33306.51,-739.0600000000013,-2.22,173535.82,-3732.0500000000175,-2.15,97.85,0.04000000000000625,0.04,0.0,0.01,0.0,2.15,-0.04999999999999982,-2.33,89.87,3.8499999999999943,4.28,0.0,0.01,0.0
WL-y4-v4-r2,weighted_loss,retail_y_4__retail_v_4__rolled_leftover_2,4.0,4.0,2.0,bf_sae1006_045,249,2020416.88,10291200.46,1947600.44,9921332.07,4363.6900000000005,21813.43,34.88,174.41000000000003,862.6800000000001,4386.1,38851.0,197683.81,0.0,0.0,38851.0,197683.81,19561.53,99791.48,9142.57,46018.64,5,23,23,9961.92,50287.869999999995,9215.85,46525.159999999996,746.07,3762.7200000000003,1956816.29,9967857.23,31,13506.26,67832.07,13506.26,67832.07,60056.16,305798.52,60056.16,305798.52,96.4,0.67,2.94,92.51,7.49,0.47,2021416.46,-999.5800000000745,-0.05,10276180.28,15020.180000001565,0.15,1956816.27,0.02000000001862645,0.0,3934.82,5281.030000000001,134.21,5402.71,8103.55,149.99,63261.18,-3205.019999999997,-5.07,321531.17,-15732.649999999965,-4.89,63261.18,-3205.019999999997,-5.07,321531.17,-15732.649999999965,-4.89,96.61,-0.20999999999999375,-0.22,0.27,0.4,148.15,3.12,-0.18000000000000016,-5.77,96.82,-4.309999999999988,-4.45,0.2,0.26999999999999996,135.0
WL-y4-v4-r2,weighted_loss,retail_y_4__retail_v_4__rolled_leftover_2,4.0,4.0,2.0,bf_sae1006_050,17,146628.02,757324.9099999999,126981.17,655850.13,607.02,3135.22,0.0,0.0,78.62,406.07,1542.28,7965.78,0.0,0.0,1542.28,7965.78,1085.78,5607.99,16333.14,84359.68,6,8,8,16616.239999999998,85821.88,15900.85,82126.94,715.39,3694.96,142882.02000000002,737977.06,10,16940.16,87494.91,16940.16,87494.9,3422.07,17674.8,3422.07,17674.8,86.6,11.55,1.85,95.69,4.31,11.13,155518.83000000002,-8890.810000000027,-5.72,803245.4199999999,-45920.51000000001,-5.72,142882.04,-0.01999999998952262,-0.0,12614.259999999998,3286.590000000002,26.05,22706.07,-5765.91,-25.39,5474.06,-2051.9900000000002,-37.49,28273.17,-10598.369999999999,-37.49,5474.06,-2051.9900000000002,-37.49,28273.17,-10598.369999999999,-37.49,83.76,2.839999999999989,3.39,14.6,-3.049999999999999,-20.89,1.64,0.2100000000000002,12.8,81.15,14.539999999999992,17.92,8.83,2.3000000000000007,26.05
WL-y4-v4-r2,weighted_loss,retail_y_4__retail_v_4__rolled_leftover_2,4.0,4.0,2.0,bz_nbr7008_043,93,753583.35,4331725.76,685923.59,3943911.98,6283.71,35896.22,10.37,59.519999999999996,310.45,1786.67,34156.79,195125.6,8188.3,45030.119999999995,25968.489999999998,150095.47999999998,7029.74,40251.69,19868.64,114693.77,15,43,43,31184.09,177794.53,26575.12,152299.15,4608.97,25495.39,712498.71,4096211.13,52,34340.65,195620.09,34340.65,195620.11,37928.02,217688.75,37928.02,217688.75,91.02,4.56,4.42,85.22,14.78,3.73,753878.7,-295.3499999999767,-0.04,4308626.98,23098.77999999933,0.54,712498.64,0.06999999994877726,0.0,10167.89,16407.23,161.36,13525.83,20814.82,153.89,39391.83,-1463.810000000005,-3.72,225743.08,-8054.329999999987,-3.57,39391.83,-1463.810000000005,-3.72,225743.08,-8054.329999999987,-3.57,93.16,-2.1400000000000006,-2.3,1.79,2.7699999999999996,154.75,5.04,-0.6200000000000001,-12.3,88.13,-2.9099999999999966,-3.3,1.43,2.3,160.84
WL-y4-v4-r2,weighted_loss,retail_y_4__retail_v_4__rolled_leftover_2,4.0,4.0,2.0,bz_nbr7008_075,27,184729.83000000002,989276.28,161752.74,866227.97,2614.79,14002.88,2.49,13.34,150.84,807.79,7602.63,40714.06,7468.24,39994.369999999995,134.39,719.7,1738.64,9310.869999999999,10867.66,58199.15,5,29,29,16804.170000000002,89990.70000000001,12546.509999999998,67189.82,4257.66,22800.879999999997,174299.25,933417.8,35,20950.690000000002,112196.39,20950.69,112196.4,6284.02,33652.58,6284.02,33652.58,87.56,11.34,1.1,74.66,25.34,7.2,184719.33000000002,10.5,0.01,989220.04,56.23999999999069,0.01,174299.23,0.01999999998952262,0.0,8783.94,3762.569999999998,42.83,15483.48,5467.209999999999,35.31,8058.65,-1774.6299999999992,-22.02,43156.18,-9503.599999999999,-22.02,8058.65,-1774.6299999999992,-22.02,43156.18,-9503.599999999999,-22.02,89.6,-2.039999999999992,-2.28,8.38,2.959999999999999,35.32,2.01,-0.9099999999999997,-45.27,66.94,7.719999999999999,11.53,5.04,2.16,42.86
WL-y4-v4-r2,weighted_loss,retail_y_4__retail_v_4__rolled_leftover_2,4.0,4.0,2.0,bz_nbr7008_095,30,287582.0,1556523.2000000002,272902.16,1477069.29,1557.71,8431.02,0.0,0.0,218.13,1180.63,4580.6,24792.27,0.0,0.0,4580.6,24792.27,2820.81,15267.5,5502.51,29782.059999999998,3,20,20,6718.740000000001,36364.85,6451.7300000000005,34919.67,267.01,1445.18,279353.89,1511988.96,24,7060.2300000000005,38213.15,7060.22,38213.08,7886.55,42685.58,7886.55,42685.58,94.9,2.46,2.65,96.03,3.97,2.31,288066.3,-484.29999999998836,-0.17,1559144.4500000002,-2621.25,-0.17,279353.96,-0.07000000000698492,-0.0,5583.54,868.1900000000005,15.55,6419.44,640.7800000000007,9.98,8414.03,-527.4800000000005,-6.27,45540.53,-2854.949999999997,-6.27,8414.03,-527.4800000000005,-6.27,45540.53,-2854.949999999997,-6.27,95.04,-0.14000000000000057,-0.15,2.23,0.22999999999999998,10.31,2.73,-0.08000000000000007,-2.93,91.22,4.810000000000002,5.27,2.0,0.31000000000000005,15.5
WL-y4-v4-r4,weighted_loss,retail_y_4__retail_v_4__rolled_leftover_4,4.0,4.0,4.0,bf_qcv_045,197,1550997.5,8027850.779999999,1517816.81,7854974.59,87.14,436.68,20.72,105.02,680.15,3499.1,16544.04,86443.26,0.0,0.0,16544.04,86443.26,15848.720000000001,82392.62,0.0,0.0,0,7,6,77.57,386.07,66.22,329.13,11.350000000000001,56.94,1517883.0299999998,7855303.73,9,87.14,436.68,87.14,436.68,33104.98,172496.94,33104.98,172496.94,97.86,0.01,2.13,85.37,14.63,0.0,1551189.35,-191.85000000009313,-0.01,8028839.890000001,-989.1100000012666,-0.01,1517883.0499999998,-0.02000000001862645,-0.0,30.18,36.04,119.42,33.58,53.56,159.5,33306.51,-201.52999999999884,-0.61,173535.82,-1038.8800000000047,-0.6,33306.51,-201.52999999999884,-0.61,173535.82,-1038.8800000000047,-0.6,97.85,0.010000000000005116,0.01,0.0,0.01,0.0,2.15,-0.020000000000000018,-0.93,89.87,-4.5,-5.01,0.0,0.0,0.0
WL-y4-v4-r4,weighted_loss,retail_y_4__retail_v_4__rolled_leftover_4,4.0,4.0,4.0,bf_sae1006_045,245,2018499.9300000002,10304699.18,1947364.79,9942476.84,6754.0,33486.53,48.2,241.64,834.5,4252.77,37976.3,193934.68,0.0,0.0,37976.3,193934.68,19765.949999999997,101055.54999999999,5755.780000000001,29249.01,3,23,23,9790.150000000001,49269.4,9451.51,47578.11,338.64,1691.29,1956816.3,9990054.95,27,12509.79,62735.600000000006,12509.78,62735.54,58963.59,301175.93,58963.59,301175.93,96.48,0.62,2.9,96.54,3.46,0.48,2021416.46,-2916.529999999795,-0.14,10276180.28,28518.900000000373,0.28,1956816.27,0.030000000027939677,0.0,3934.82,5516.6900000000005,140.2,5402.71,7107.070000000001,131.55,63261.18,-4297.590000000004,-6.79,321531.17,-20355.23999999999,-6.33,63261.18,-4297.590000000004,-6.79,321531.17,-20355.23999999999,-6.33,96.61,-0.12999999999999545,-0.13,0.27,0.35,129.63,3.12,-0.2200000000000002,-7.05,96.82,-0.2799999999999869,-0.29,0.2,0.27999999999999997,140.0
WL-y4-v4-r4,weighted_loss,retail_y_4__retail_v_4__rolled_leftover_4,4.0,4.0,4.0,bf_sae1006_050,17,147267.63,760628.46,126715.81,654479.56,2780.79,14362.61,0.0,0.0,74.12,382.82000000000005,9342.23,48252.05,8745.84,45171.740000000005,596.39,3080.3100000000004,1167.3,6029.04,7187.36,37122.28,4,21,21,17435.02,90050.83,16166.21,83497.48999999999,1268.81,6553.33,142882.02000000002,737977.05,26,18713.98,96656.58,18713.99,96656.63,3106.62,16045.5,3106.62,16045.5,86.04,12.71,1.25,92.72,7.28,11.31,155518.83000000002,-8251.200000000012,-5.31,803245.4199999999,-42616.95999999996,-5.31,142882.04,-0.01999999998952262,-0.0,12614.259999999998,3551.9500000000007,28.16,22706.07,-3992.079999999998,-17.58,5474.06,-2367.4400000000005,-43.25,28273.17,-12227.669999999998,-43.25,5474.06,-2367.4400000000005,-43.25,28273.17,-12227.669999999998,-43.25,83.76,2.280000000000001,2.72,14.6,-1.8899999999999988,-12.95,1.64,-0.3899999999999999,-23.78,81.15,11.569999999999993,14.26,8.83,2.4800000000000004,28.09
WL-y4-v4-r4,weighted_loss,retail_y_4__retail_v_4__rolled_leftover_4,4.0,4.0,4.0,bz_nbr7008_043,93,755834.6000000001,4348226.01,699882.34,4025961.39,9880.18,56630.21,49.03,278.12,313.73,1806.25,32499.21,187386.37,2032.9299999999998,11816.09,30466.28,175570.28,7157.58,41014.95,6052.3099999999995,35147.45,3,32,32,13519.17,78762.34,12616.300000000001,73432.58,902.87,5329.76,712498.64,4099393.96,41,17965.43,103593.82,17965.42,103593.75,38889.49,223999.36,38889.49,223999.36,92.6,2.38,5.03,93.32,6.68,1.77,753878.7,1955.9000000001397,0.26,4308626.98,39599.02999999933,0.92,712498.64,0.0,0.0,10167.89,2448.4100000000017,24.08,13525.83,4439.589999999998,32.82,39391.83,-502.3400000000038,-1.28,225743.08,-1743.7200000000012,-0.77,39391.83,-502.3400000000038,-1.28,225743.08,-1743.7200000000012,-0.77,93.16,-0.5600000000000023,-0.6,1.79,0.5899999999999999,32.96,5.04,-0.009999999999999787,-0.2,88.13,5.189999999999998,5.89,1.43,0.3400000000000001,23.78
WL-y4-v4-r4,weighted_loss,retail_y_4__retail_v_4__rolled_leftover_4,4.0,4.0,4.0,bz_nbr7008_075,27,185236.4,991989.0800000001,163011.39,872968.38,7878.99,42194.03999999999,13.17,70.53,150.84,807.79,7609.39,40750.270000000004,7468.09,39993.56,141.3,756.7,1804.71,9664.689999999999,4767.9,25533.350000000002,3,29,29,15199.02,81394.70000000001,11287.86,60449.42,3911.16,20945.29,174299.25,933417.8,35,20114.98,107720.94,20114.98,107720.95,6021.18,32245.0,6021.18,32245.0,88.0,10.86,1.14,74.27,25.73,6.48,184719.33000000002,517.0699999999779,0.28,989220.04,2769.0400000000373,0.28,174299.23,0.01999999998952262,0.0,8783.94,2503.92,28.51,15483.48,4631.5,29.91,8058.65,-2037.4699999999993,-25.28,43156.18,-10911.18,-25.28,8058.65,-2037.4699999999993,-25.28,43156.18,-10911.18,-25.28,89.6,-1.5999999999999943,-1.79,8.38,2.4799999999999986,29.59,2.01,-0.8699999999999999,-43.28,66.94,7.329999999999998,10.95,5.04,1.4400000000000004,28.57
WL-y4-v4-r4,weighted_loss,retail_y_4__retail_v_4__rolled_leftover_4,4.0,4.0,4.0,bz_nbr7008_095,30,287894.86,1558216.54,272414.06,1474427.48,3406.63,18438.21,0.0,0.0,217.31,1176.19,5733.73,31033.52,1455.04,7875.33,4278.6900000000005,23158.190000000002,2846.2,15404.92,3276.87,17735.9,2,19,19,7496.12,40572.369999999995,6939.88,37561.740000000005,556.24,3010.6200000000003,279353.94,1511989.24,22,8138.56,44049.54,8138.54,44049.44,7898.44,42749.92,7898.44,42749.92,94.62,2.83,2.55,92.58,7.42,2.48,288066.3,-171.44000000000233,-0.06,1559144.4500000002,-927.910000000149,-0.06,279353.96,-0.02000000001862645,-0.0,5583.54,1356.3400000000001,24.29,6419.44,1719.1000000000004,26.78,8414.03,-515.590000000001,-6.13,45540.53,-2790.6100000000006,-6.13,8414.03,-515.590000000001,-6.13,45540.53,-2790.6100000000006,-6.13,95.04,-0.4200000000000017,-0.44,2.23,0.6000000000000001,26.91,2.73,-0.18000000000000016,-6.59,91.22,1.3599999999999994,1.49,2.0,0.48,24.0
